no-filter,wallstreetbets,7.547169811320755,24,64,17,1614373200,2021-02-26 15:00:00
no-filter,wallstreetbets,13.08411214953271,25,69,12,1614371400,2021-02-26 14:30:00
no-filter,wallstreetbets,14.285714285714286,32,62,17,1614369600,2021-02-26 14:00:00
no-filter,wallstreetbets,28.695652173913043,46,54,14,1614367800,2021-02-26 13:30:00
no-filter,wallstreetbets,19.09090909090909,35,59,15,1614366000,2021-02-26 13:00:00
no-filter,wallstreetbets,11.009174311926605,30,59,19,1614364200,2021-02-26 12:30:00
no-filter,wallstreetbets,13.88888888888889,34,53,20,1614362400,2021-02-26 12:00:00
no-filter,wallstreetbets,11.607142857142858,31,61,19,1614360600,2021-02-26 11:30:00
no-filter,wallstreetbets,17.117117117117118,35,58,17,1614358800,2021-02-26 11:00:00
no-filter,wallstreetbets,14.678899082568808,31,61,16,1614357000,2021-02-26 10:30:00
no-filter,wallstreetbets,10.476190476190476,24,66,14,1614355200,2021-02-26 10:00:00
no-filter,wallstreetbets,7.4766355140186915,24,65,17,1614353400,2021-02-26 09:30:00
no-filter,wallstreetbets,6.542056074766355,29,54,23,1614351600,2021-02-26 09:00:00
no-filter,wallstreetbets,22.22222222222222,36,58,13,1614349800,2021-02-26 08:30:00
no-filter,wallstreetbets,18.58407079646018,37,58,17,1614348000,2021-02-26 08:00:00
AAPL,wallstreetbets,2.5,11,17,11,1614373200,2021-02-26 15:00:00
AAPL,wallstreetbets,20.0,5,6,3,1614371400,2021-02-26 14:30:00
AAPL,wallstreetbets,42.10526315789474,8,9,1,1614369600,2021-02-26 14:00:00
AAPL,wallstreetbets,47.05882352941177,9,5,2,1614367800,2021-02-26 13:30:00
AAPL,wallstreetbets,50.0,4,2,1,1614366000,2021-02-26 13:00:00
AAPL,wallstreetbets,5.882352941176471,5,6,5,1614364200,2021-02-26 12:30:00
AAPL,wallstreetbets,16.666666666666668,6,7,4,1614362400,2021-02-26 12:00:00
AAPL,wallstreetbets,13.636363636363637,5,13,3,1614360600,2021-02-26 11:30:00
AAPL,wallstreetbets,17.24137931034483,9,14,5,1614358800,2021-02-26 11:00:00
AAPL,wallstreetbets,25.714285714285715,13,16,5,1614357000,2021-02-26 10:30:00
AAPL,wallstreetbets,9.523809523809524,5,11,4,1614355200,2021-02-26 10:00:00
AAPL,wallstreetbets,10.344827586206897,8,14,6,1614353400,2021-02-26 09:30:00
AAPL,wallstreetbets,0.0,8,16,9,1614351600,2021-02-26 09:00:00
AAPL,wallstreetbets,30.434782608695652,9,10,3,1614349800,2021-02-26 08:30:00
AAPL,wallstreetbets,-25.0,3,10,10,1614348000,2021-02-26 08:00:00
GME,wallstreetbets,8.333333333333334,36,43,28,1614373200,2021-02-26 15:00:00
GME,wallstreetbets,10.280373831775702,30,56,20,1614371400,2021-02-26 14:30:00
GME,wallstreetbets,14.414414414414415,33,59,18,1614369600,2021-02-26 14:00:00
GME,wallstreetbets,19.09090909090909,39,51,19,1614367800,2021-02-26 13:30:00
GME,wallstreetbets,20.90909090909091,37,57,15,1614366000,2021-02-26 13:00:00
GME,wallstreetbets,21.296296296296298,37,55,15,1614364200,2021-02-26 12:30:00
GME,wallstreetbets,16.9811320754717,44,34,27,1614362400,2021-02-26 12:00:00
GME,wallstreetbets,18.446601941747574,35,50,17,1614360600,2021-02-26 11:30:00
GME,wallstreetbets,14.953271028037383,36,49,21,1614358800,2021-02-26 11:00:00
GME,wallstreetbets,4.672897196261682,27,56,23,1614357000,2021-02-26 10:30:00
GME,wallstreetbets,19.444444444444443,38,51,18,1614355200,2021-02-26 10:00:00
GME,wallstreetbets,18.34862385321101,42,43,23,1614353400,2021-02-26 09:30:00
GME,wallstreetbets,16.513761467889907,36,53,19,1614351600,2021-02-26 09:00:00
GME,wallstreetbets,23.14814814814815,38,55,14,1614349800,2021-02-26 08:30:00
GME,wallstreetbets,23.853211009174313,44,45,19,1614348000,2021-02-26 08:00:00
SPY,wallstreetbets,-12.195121951219512,7,20,13,1614373200,2021-02-26 15:00:00
SPY,wallstreetbets,0.0,7,20,8,1614371400,2021-02-26 14:30:00
SPY,wallstreetbets,3.225806451612903,9,12,9,1614369600,2021-02-26 14:00:00
SPY,wallstreetbets,1.694915254237288,13,32,13,1614367800,2021-02-26 13:30:00
SPY,wallstreetbets,8.108108108108109,10,18,8,1614366000,2021-02-26 13:00:00
SPY,wallstreetbets,0.0,7,18,8,1614364200,2021-02-26 12:30:00
SPY,wallstreetbets,14.705882352941176,10,17,6,1614362400,2021-02-26 12:00:00
SPY,wallstreetbets,25.714285714285715,14,14,6,1614360600,2021-02-26 11:30:00
SPY,wallstreetbets,4.0,9,32,8,1614358800,2021-02-26 11:00:00
SPY,wallstreetbets,5.714285714285714,5,25,4,1614357000,2021-02-26 10:30:00
SPY,wallstreetbets,12.67605633802817,22,34,14,1614355200,2021-02-26 10:00:00
SPY,wallstreetbets,2.9702970297029703,21,60,19,1614353400,2021-02-26 09:30:00
SPY,wallstreetbets,7.8431372549019605,11,31,8,1614351600,2021-02-26 09:00:00
SPY,wallstreetbets,19.047619047619047,11,26,4,1614349800,2021-02-26 08:30:00
SPY,wallstreetbets,34.78260869565217,8,13,1,1614348000,2021-02-26 08:00:00
TSLA,wallstreetbets,-3.8461538461538463,5,13,7,1614373200,2021-02-26 15:00:00
TSLA,wallstreetbets,21.428571428571427,9,14,4,1614371400,2021-02-26 14:30:00
TSLA,wallstreetbets,20.37037037037037,20,23,10,1614369600,2021-02-26 14:00:00
TSLA,wallstreetbets,-18.181818181818183,7,11,14,1614367800,2021-02-26 13:30:00
TSLA,wallstreetbets,-5.882352941176471,8,14,11,1614366000,2021-02-26 13:00:00
TSLA,wallstreetbets,34.285714285714285,19,7,8,1614364200,2021-02-26 12:30:00
TSLA,wallstreetbets,22.5,16,15,8,1614362400,2021-02-26 12:00:00
TSLA,wallstreetbets,22.22222222222222,9,13,4,1614360600,2021-02-26 11:30:00
TSLA,wallstreetbets,-7.142857142857143,2,20,5,1614358800,2021-02-26 11:00:00
TSLA,wallstreetbets,13.20754716981132,14,30,8,1614357000,2021-02-26 10:30:00
TSLA,wallstreetbets,7.2727272727272725,12,33,9,1614355200,2021-02-26 10:00:00
TSLA,wallstreetbets,-10.0,11,30,18,1614353400,2021-02-26 09:30:00
TSLA,wallstreetbets,11.666666666666666,20,25,14,1614351600,2021-02-26 09:00:00
TSLA,wallstreetbets,11.11111111111111,7,24,4,1614349800,2021-02-26 08:30:00
TSLA,wallstreetbets,16.129032258064516,10,14,6,1614348000,2021-02-26 08:00:00
no-filter,stocks,39.81481481481482,56,37,14,1614373200,2021-02-26 15:00:00
no-filter,stocks,37.5,47,47,9,1614371400,2021-02-26 14:30:00
no-filter,stocks,38.53211009174312,53,43,12,1614369600,2021-02-26 14:00:00
no-filter,stocks,28.037383177570092,40,55,11,1614367800,2021-02-26 13:30:00
no-filter,stocks,39.81481481481482,52,45,10,1614366000,2021-02-26 13:00:00
no-filter,stocks,39.62264150943396,49,48,8,1614364200,2021-02-26 12:30:00
no-filter,stocks,36.79245283018868,48,47,10,1614362400,2021-02-26 12:00:00
no-filter,stocks,34.54545454545455,54,38,17,1614360600,2021-02-26 11:30:00
no-filter,stocks,33.027522935779814,46,51,11,1614358800,2021-02-26 11:00:00
no-filter,stocks,31.25,47,51,13,1614357000,2021-02-26 10:30:00
no-filter,stocks,34.285714285714285,44,51,9,1614355200,2021-02-26 10:00:00
no-filter,stocks,33.64485981308411,49,43,14,1614353400,2021-02-26 09:30:00
no-filter,stocks,19.047619047619047,37,49,18,1614351600,2021-02-26 09:00:00
no-filter,stocks,30.8411214953271,47,44,15,1614349800,2021-02-26 08:30:00
no-filter,stocks,25.471698113207548,37,57,11,1614348000,2021-02-26 08:00:00
AAPL,stocks,100.0,2,0,0,1614373200,2021-02-26 15:00:00
AAPL,stocks,45.45454545454545,6,2,2,1614371400,2021-02-26 14:30:00
AAPL,stocks,84.61538461538461,10,2,0,1614369600,2021-02-26 14:00:00
AAPL,stocks,22.22222222222222,2,5,1,1614367800,2021-02-26 13:30:00
AAPL,stocks,57.142857142857146,8,4,1,1614366000,2021-02-26 13:00:00
AAPL,stocks,60.0,9,4,1,1614364200,2021-02-26 12:30:00
AAPL,stocks,61.111111111111114,10,7,0,1614362400,2021-02-26 12:00:00
AAPL,stocks,10.0,2,5,2,1614360600,2021-02-26 11:30:00
AAPL,stocks,20.0,8,6,5,1614358800,2021-02-26 11:00:00
AAPL,stocks,-18.181818181818183,1,5,4,1614357000,2021-02-26 10:30:00
AAPL,stocks,0.0,1,3,2,1614355200,2021-02-26 10:00:00
AAPL,stocks,40.0,2,1,1,1614353400,2021-02-26 09:30:00
AAPL,stocks,83.33333333333333,4,1,0,1614351600,2021-02-26 09:00:00
AAPL,stocks,69.23076923076923,8,4,0,1614349800,2021-02-26 08:30:00
AAPL,stocks,80.0,3,1,0,1614348000,2021-02-26 08:00:00
GME,stocks,100.0,3,0,0,1614373200,2021-02-26 15:00:00
GME,stocks,0.0,1,2,2,1614371400,2021-02-26 14:30:00
GME,stocks,30.76923076923077,5,5,2,1614369600,2021-02-26 14:00:00
GME,stocks,33.333333333333336,5,4,2,1614367800,2021-02-26 13:30:00
GME,stocks,41.1764705882353,10,2,4,1614366000,2021-02-26 13:00:00
GME,stocks,0.0,4,0,5,1614364200,2021-02-26 12:30:00
GME,stocks,35.294117647058826,8,5,3,1614362400,2021-02-26 12:00:00
GME,stocks,70.0,7,1,1,1614360600,2021-02-26 11:30:00
GME,stocks,80.0,3,1,0,1614358800,2021-02-26 11:00:00
GME,stocks,85.71428571428571,5,1,0,1614357000,2021-02-26 10:30:00
GME,stocks,38.46153846153846,5,6,1,1614355200,2021-02-26 10:00:00
GME,stocks,63.63636363636363,7,2,1,1614353400,2021-02-26 09:30:00
GME,stocks,25.0,1,1,1,1614351600,2021-02-26 09:00:00
GME,stocks,41.666666666666664,5,5,1,1614349800,2021-02-26 08:30:00
GME,stocks,-5.555555555555555,4,7,6,1614348000,2021-02-26 08:00:00
SPY,stocks,100.0,2,0,0,1614373200,2021-02-26 15:00:00
SPY,stocks,50.0,2,0,1,1614371400,2021-02-26 14:30:00
SPY,stocks,100.0,2,0,0,1614369600,2021-02-26 14:00:00
SPY,stocks,42.857142857142854,3,2,1,1614367800,2021-02-26 13:30:00
SPY,stocks,100.0,5,0,0,1614366000,2021-02-26 13:00:00
SPY,stocks,66.66666666666667,5,3,0,1614364200,2021-02-26 12:30:00
SPY,stocks,100.0,5,0,0,1614362400,2021-02-26 12:00:00
SPY,stocks,100.0,5,0,0,1614360600,2021-02-26 11:30:00
SPY,stocks,100.0,6,0,0,1614358800,2021-02-26 11:00:00
SPY,stocks,100.0,5,0,0,1614357000,2021-02-26 10:30:00
SPY,stocks,75.0,2,1,0,1614355200,2021-02-26 10:00:00
SPY,stocks,83.33333333333333,4,1,0,1614353400,2021-02-26 09:30:00
SPY,stocks,75.0,2,1,0,1614351600,2021-02-26 09:00:00
SPY,stocks,100.0,2,0,0,1614349800,2021-02-26 08:30:00
SPY,stocks,50.0,0,1,0,1614348000,2021-02-26 08:00:00
TSLA,stocks,50.0,3,1,1,1614373200,2021-02-26 15:00:00
TSLA,stocks,28.571428571428573,3,1,2,1614371400,2021-02-26 14:30:00
TSLA,stocks,57.142857142857146,4,1,1,1614369600,2021-02-26 14:00:00
TSLA,stocks,40.0,1,3,0,1614367800,2021-02-26 13:30:00
TSLA,stocks,75.0,2,1,0,1614366000,2021-02-26 13:00:00
TSLA,stocks,100.0,1,0,0,1614364200,2021-02-26 12:30:00
TSLA,stocks,23.076923076923077,5,4,3,1614362400,2021-02-26 12:00:00
TSLA,stocks,100.0,1,0,0,1614360600,2021-02-26 11:30:00
TSLA,stocks,60.0,2,2,0,1614358800,2021-02-26 11:00:00
TSLA,stocks,50.0,5,6,0,1614357000,2021-02-26 10:30:00
TSLA,stocks,16.666666666666668,1,3,1,1614355200,2021-02-26 10:00:00
TSLA,stocks,100.0,3,0,0,1614353400,2021-02-26 09:30:00
TSLA,stocks,50.0,0,1,0,1614351600,2021-02-26 09:00:00
TSLA,stocks,100.0,4,0,0,1614349800,2021-02-26 08:30:00
TSLA,stocks,66.66666666666667,3,2,0,1614348000,2021-02-26 08:00:00
no-filter,investing,41.0,52,35,12,1614373200,2021-02-26 15:00:00
no-filter,investing,32.407407407407405,50,41,16,1614371400,2021-02-26 14:30:00
no-filter,investing,35.714285714285715,33,27,9,1614369600,2021-02-26 14:00:00
no-filter,investing,57.534246575342465,44,25,3,1614367800,2021-02-26 13:30:00
no-filter,investing,50.526315789473685,54,33,7,1614366000,2021-02-26 13:00:00
no-filter,investing,53.125,60,25,10,1614364200,2021-02-26 12:30:00
no-filter,investing,40.77669902912621,51,41,10,1614362400,2021-02-26 12:00:00
no-filter,investing,40.38461538461539,53,38,12,1614360600,2021-02-26 11:30:00
no-filter,investing,38.095238095238095,56,31,17,1614358800,2021-02-26 11:00:00
no-filter,investing,33.980582524271846,51,34,17,1614357000,2021-02-26 10:30:00
no-filter,investing,42.45283018867924,60,29,16,1614355200,2021-02-26 10:00:00
no-filter,investing,42.30769230769231,53,40,10,1614353400,2021-02-26 09:30:00
no-filter,investing,32.05128205128205,32,37,8,1614351600,2021-02-26 09:00:00
no-filter,investing,34.065934065934066,40,40,10,1614349800,2021-02-26 08:30:00
no-filter,investing,44.791666666666664,51,35,9,1614348000,2021-02-26 08:00:00
AAPL,investing,100.0,1,0,0,1614373200,2021-02-26 15:00:00
AAPL,investing,33.333333333333336,1,0,1,1614371400,2021-02-26 14:30:00
AAPL,investing,100.0,0,0,0,1614369600,2021-02-26 14:00:00
AAPL,investing,100.0,1,0,0,1614367800,2021-02-26 13:30:00
AAPL,investing,100.0,1,0,0,1614366000,2021-02-26 13:00:00
AAPL,investing,100.0,2,0,0,1614364200,2021-02-26 12:30:00
AAPL,investing,50.0,0,1,0,1614362400,2021-02-26 12:00:00
AAPL,investing,100.0,0,0,0,1614360600,2021-02-26 11:30:00
AAPL,investing,50.0,0,1,0,1614358800,2021-02-26 11:00:00
AAPL,investing,100.0,1,0,0,1614357000,2021-02-26 10:30:00
AAPL,investing,100.0,2,0,0,1614355200,2021-02-26 10:00:00
AAPL,investing,100.0,1,0,0,1614353400,2021-02-26 09:30:00
AAPL,investing,100.0,0,0,0,1614351600,2021-02-26 09:00:00
AAPL,investing,100.0,0,0,0,1614349800,2021-02-26 08:30:00
AAPL,investing,100.0,1,0,0,1614348000,2021-02-26 08:00:00
GME,investing,33.333333333333336,0,2,0,1614373200,2021-02-26 15:00:00
GME,investing,0.0,0,0,1,1614371400,2021-02-26 14:30:00
GME,investing,100.0,1,0,0,1614369600,2021-02-26 14:00:00
GME,investing,100.0,2,0,0,1614367800,2021-02-26 13:30:00
GME,investing,50.0,0,1,0,1614366000,2021-02-26 13:00:00
GME,investing,66.66666666666667,1,1,0,1614364200,2021-02-26 12:30:00
GME,investing,100.0,1,0,0,1614362400,2021-02-26 12:00:00
GME,investing,66.66666666666667,1,1,0,1614360600,2021-02-26 11:30:00
GME,investing,100.0,0,0,0,1614358800,2021-02-26 11:00:00
GME,investing,20.0,2,0,2,1614357000,2021-02-26 10:30:00
GME,investing,100.0,1,0,0,1614355200,2021-02-26 10:00:00
GME,investing,0.0,0,1,1,1614353400,2021-02-26 09:30:00
GME,investing,100.0,0,0,0,1614351600,2021-02-26 09:00:00
GME,investing,50.0,0,1,0,1614349800,2021-02-26 08:30:00
GME,investing,100.0,2,0,0,1614348000,2021-02-26 08:00:00
SPY,investing,100.0,0,0,0,1614373200,2021-02-26 15:00:00
SPY,investing,0.0,0,0,1,1614371400,2021-02-26 14:30:00
SPY,investing,100.0,0,0,0,1614369600,2021-02-26 14:00:00
SPY,investing,100.0,1,0,0,1614367800,2021-02-26 13:30:00
SPY,investing,100.0,1,0,0,1614366000,2021-02-26 13:00:00
SPY,investing,100.0,0,0,0,1614364200,2021-02-26 12:30:00
SPY,investing,100.0,1,0,0,1614362400,2021-02-26 12:00:00
SPY,investing,100.0,0,0,0,1614360600,2021-02-26 11:30:00
SPY,investing,100.0,0,0,0,1614358800,2021-02-26 11:00:00
SPY,investing,50.0,0,1,0,1614357000,2021-02-26 10:30:00
SPY,investing,50.0,0,1,0,1614355200,2021-02-26 10:00:00
SPY,investing,100.0,0,0,0,1614353400,2021-02-26 09:30:00
SPY,investing,100.0,0,0,0,1614351600,2021-02-26 09:00:00
SPY,investing,100.0,0,0,0,1614349800,2021-02-26 08:30:00
SPY,investing,100.0,0,0,0,1614348000,2021-02-26 08:00:00
TSLA,investing,100.0,1,0,0,1614373200,2021-02-26 15:00:00
TSLA,investing,100.0,1,0,0,1614371400,2021-02-26 14:30:00
TSLA,investing,100.0,0,0,0,1614369600,2021-02-26 14:00:00
TSLA,investing,100.0,1,0,0,1614367800,2021-02-26 13:30:00
TSLA,investing,100.0,1,0,0,1614366000,2021-02-26 13:00:00
TSLA,investing,100.0,0,0,0,1614364200,2021-02-26 12:30:00
TSLA,investing,100.0,0,0,0,1614362400,2021-02-26 12:00:00
TSLA,investing,100.0,0,0,0,1614360600,2021-02-26 11:30:00
TSLA,investing,50.0,0,1,0,1614358800,2021-02-26 11:00:00
TSLA,investing,100.0,1,0,0,1614357000,2021-02-26 10:30:00
TSLA,investing,100.0,0,0,0,1614355200,2021-02-26 10:00:00
TSLA,investing,33.333333333333336,0,2,0,1614353400,2021-02-26 09:30:00
TSLA,investing,100.0,0,0,0,1614351600,2021-02-26 09:00:00
TSLA,investing,33.333333333333336,1,0,1,1614349800,2021-02-26 08:30:00
TSLA,investing,100.0,1,0,0,1614348000,2021-02-26 08:00:00
