no-filter,wallstreetbets,2.9702970297029703,19,64,17,1614373200,2021-02-26 15:00:00
no-filter,wallstreetbets,7.920792079207921,19,69,12,1614371400,2021-02-26 14:30:00
no-filter,wallstreetbets,4.9504950495049505,21,62,17,1614369600,2021-02-26 14:00:00
no-filter,wallstreetbets,18.81188118811881,32,54,14,1614367800,2021-02-26 13:30:00
no-filter,wallstreetbets,11.881188118811881,26,59,15,1614366000,2021-02-26 13:00:00
no-filter,wallstreetbets,3.9603960396039604,22,59,19,1614364200,2021-02-26 12:30:00
no-filter,wallstreetbets,7.920792079207921,27,53,20,1614362400,2021-02-26 12:00:00
no-filter,wallstreetbets,1.9801980198019802,20,61,19,1614360600,2021-02-26 11:30:00
no-filter,wallstreetbets,8.910891089108912,25,58,17,1614358800,2021-02-26 11:00:00
no-filter,wallstreetbets,7.920792079207921,23,61,16,1614357000,2021-02-26 10:30:00
no-filter,wallstreetbets,6.930693069306931,20,66,14,1614355200,2021-02-26 10:00:00
no-filter,wallstreetbets,1.9801980198019802,18,65,17,1614353400,2021-02-26 09:30:00
no-filter,wallstreetbets,0.9900990099009901,23,54,23,1614351600,2021-02-26 09:00:00
no-filter,wallstreetbets,16.831683168316832,29,58,13,1614349800,2021-02-26 08:30:00
no-filter,wallstreetbets,8.910891089108912,25,58,17,1614348000,2021-02-26 08:00:00
AAPL,wallstreetbets,2.5,11,17,11,1614373200,2021-02-26 15:00:00
AAPL,wallstreetbets,20.0,5,6,3,1614371400,2021-02-26 14:30:00
AAPL,wallstreetbets,42.10526315789474,8,9,1,1614369600,2021-02-26 14:00:00
AAPL,wallstreetbets,47.05882352941177,9,5,2,1614367800,2021-02-26 13:30:00
AAPL,wallstreetbets,50.0,4,2,1,1614366000,2021-02-26 13:00:00
AAPL,wallstreetbets,5.882352941176471,5,6,5,1614364200,2021-02-26 12:30:00
AAPL,wallstreetbets,16.666666666666668,6,7,4,1614362400,2021-02-26 12:00:00
AAPL,wallstreetbets,13.636363636363637,5,13,3,1614360600,2021-02-26 11:30:00
AAPL,wallstreetbets,17.24137931034483,9,14,5,1614358800,2021-02-26 11:00:00
AAPL,wallstreetbets,25.714285714285715,13,16,5,1614357000,2021-02-26 10:30:00
AAPL,wallstreetbets,9.523809523809524,5,11,4,1614355200,2021-02-26 10:00:00
AAPL,wallstreetbets,10.344827586206897,8,14,6,1614353400,2021-02-26 09:30:00
AAPL,wallstreetbets,0.0,8,16,9,1614351600,2021-02-26 09:00:00
AAPL,wallstreetbets,30.434782608695652,9,10,3,1614349800,2021-02-26 08:30:00
AAPL,wallstreetbets,-25.0,3,10,10,1614348000,2021-02-26 08:00:00
GME,wallstreetbets,1.9801980198019802,29,43,28,1614373200,2021-02-26 15:00:00
GME,wallstreetbets,4.9504950495049505,24,56,20,1614371400,2021-02-26 14:30:00
GME,wallstreetbets,5.9405940594059405,23,59,18,1614369600,2021-02-26 14:00:00
GME,wallstreetbets,11.881188118811881,30,51,19,1614367800,2021-02-26 13:30:00
GME,wallstreetbets,13.861386138613861,28,57,15,1614366000,2021-02-26 13:00:00
GME,wallstreetbets,15.841584158415841,30,55,15,1614364200,2021-02-26 12:30:00
GME,wallstreetbets,12.871287128712872,39,34,27,1614362400,2021-02-26 12:00:00
GME,wallstreetbets,16.831683168316832,33,50,17,1614360600,2021-02-26 11:30:00
GME,wallstreetbets,9.900990099009901,30,49,21,1614358800,2021-02-26 11:00:00
GME,wallstreetbets,-0.9900990099009901,21,56,23,1614357000,2021-02-26 10:30:00
GME,wallstreetbets,13.861386138613861,31,51,18,1614355200,2021-02-26 10:00:00
GME,wallstreetbets,11.881188118811881,34,43,23,1614353400,2021-02-26 09:30:00
GME,wallstreetbets,9.900990099009901,28,53,19,1614351600,2021-02-26 09:00:00
GME,wallstreetbets,17.821782178217823,31,55,14,1614349800,2021-02-26 08:30:00
GME,wallstreetbets,17.821782178217823,36,45,19,1614348000,2021-02-26 08:00:00
SPY,wallstreetbets,-12.195121951219512,7,20,13,1614373200,2021-02-26 15:00:00
SPY,wallstreetbets,0.0,7,20,8,1614371400,2021-02-26 14:30:00
SPY,wallstreetbets,3.225806451612903,9,12,9,1614369600,2021-02-26 14:00:00
SPY,wallstreetbets,1.694915254237288,13,32,13,1614367800,2021-02-26 13:30:00
SPY,wallstreetbets,8.108108108108109,10,18,8,1614366000,2021-02-26 13:00:00
SPY,wallstreetbets,-3.0303030303030303,6,18,8,1614364200,2021-02-26 12:30:00
SPY,wallstreetbets,14.705882352941176,10,17,6,1614362400,2021-02-26 12:00:00
SPY,wallstreetbets,25.714285714285715,14,14,6,1614360600,2021-02-26 11:30:00
SPY,wallstreetbets,4.0,9,32,8,1614358800,2021-02-26 11:00:00
SPY,wallstreetbets,5.714285714285714,5,25,4,1614357000,2021-02-26 10:30:00
SPY,wallstreetbets,12.67605633802817,22,34,14,1614355200,2021-02-26 10:00:00
SPY,wallstreetbets,2.9702970297029703,21,60,19,1614353400,2021-02-26 09:30:00
SPY,wallstreetbets,7.8431372549019605,11,31,8,1614351600,2021-02-26 09:00:00
SPY,wallstreetbets,19.047619047619047,11,26,4,1614349800,2021-02-26 08:30:00
SPY,wallstreetbets,34.78260869565217,8,13,1,1614348000,2021-02-26 08:00:00
TSLA,wallstreetbets,-3.8461538461538463,5,13,7,1614373200,2021-02-26 15:00:00
TSLA,wallstreetbets,18.51851851851852,8,14,4,1614371400,2021-02-26 14:30:00
TSLA,wallstreetbets,20.37037037037037,20,23,10,1614369600,2021-02-26 14:00:00
TSLA,wallstreetbets,-18.181818181818183,7,11,14,1614367800,2021-02-26 13:30:00
TSLA,wallstreetbets,-5.882352941176471,8,14,11,1614366000,2021-02-26 13:00:00
TSLA,wallstreetbets,32.35294117647059,18,7,8,1614364200,2021-02-26 12:30:00
TSLA,wallstreetbets,22.5,16,15,8,1614362400,2021-02-26 12:00:00
TSLA,wallstreetbets,22.22222222222222,9,13,4,1614360600,2021-02-26 11:30:00
TSLA,wallstreetbets,-7.142857142857143,2,20,5,1614358800,2021-02-26 11:00:00
TSLA,wallstreetbets,13.20754716981132,14,30,8,1614357000,2021-02-26 10:30:00
TSLA,wallstreetbets,7.2727272727272725,12,33,9,1614355200,2021-02-26 10:00:00
TSLA,wallstreetbets,-10.0,11,30,18,1614353400,2021-02-26 09:30:00
TSLA,wallstreetbets,11.666666666666666,20,25,14,1614351600,2021-02-26 09:00:00
TSLA,wallstreetbets,11.11111111111111,7,24,4,1614349800,2021-02-26 08:30:00
TSLA,wallstreetbets,10.344827586206897,8,14,6,1614348000,2021-02-26 08:00:00
no-filter,stocks,35.64356435643565,49,37,14,1614373200,2021-02-26 15:00:00
no-filter,stocks,35.64356435643565,44,47,9,1614371400,2021-02-26 14:30:00
no-filter,stocks,33.663366336633665,45,43,12,1614369600,2021-02-26 14:00:00
no-filter,stocks,23.762376237623762,34,55,11,1614367800,2021-02-26 13:30:00
no-filter,stocks,35.64356435643565,45,45,10,1614366000,2021-02-26 13:00:00
no-filter,stocks,36.633663366336634,44,48,8,1614364200,2021-02-26 12:30:00
no-filter,stocks,33.663366336633665,43,47,10,1614362400,2021-02-26 12:00:00
no-filter,stocks,28.712871287128714,45,38,17,1614360600,2021-02-26 11:30:00
no-filter,stocks,27.722772277227723,38,51,11,1614358800,2021-02-26 11:00:00
no-filter,stocks,23.762376237623762,36,51,13,1614357000,2021-02-26 10:30:00
no-filter,stocks,31.683168316831683,40,51,9,1614355200,2021-02-26 10:00:00
no-filter,stocks,29.702970297029704,43,43,14,1614353400,2021-02-26 09:30:00
no-filter,stocks,15.841584158415841,33,49,18,1614351600,2021-02-26 09:00:00
no-filter,stocks,26.73267326732673,41,44,15,1614349800,2021-02-26 08:30:00
no-filter,stocks,21.782178217821784,32,57,11,1614348000,2021-02-26 08:00:00
AAPL,stocks,100.0,2,0,0,1614373200,2021-02-26 15:00:00
AAPL,stocks,45.45454545454545,6,2,2,1614371400,2021-02-26 14:30:00
AAPL,stocks,81.81818181818181,8,2,0,1614369600,2021-02-26 14:00:00
AAPL,stocks,12.5,1,5,1,1614367800,2021-02-26 13:30:00
AAPL,stocks,57.142857142857146,8,4,1,1614366000,2021-02-26 13:00:00
AAPL,stocks,60.0,9,4,1,1614364200,2021-02-26 12:30:00
AAPL,stocks,61.111111111111114,10,7,0,1614362400,2021-02-26 12:00:00
AAPL,stocks,10.0,2,5,2,1614360600,2021-02-26 11:30:00
AAPL,stocks,20.0,8,6,5,1614358800,2021-02-26 11:00:00
AAPL,stocks,-18.181818181818183,1,5,4,1614357000,2021-02-26 10:30:00
AAPL,stocks,0.0,1,3,2,1614355200,2021-02-26 10:00:00
AAPL,stocks,40.0,2,1,1,1614353400,2021-02-26 09:30:00
AAPL,stocks,83.33333333333333,4,1,0,1614351600,2021-02-26 09:00:00
AAPL,stocks,66.66666666666667,7,4,0,1614349800,2021-02-26 08:30:00
AAPL,stocks,80.0,3,1,0,1614348000,2021-02-26 08:00:00
GME,stocks,100.0,3,0,0,1614373200,2021-02-26 15:00:00
GME,stocks,0.0,1,2,2,1614371400,2021-02-26 14:30:00
GME,stocks,25.0,4,5,2,1614369600,2021-02-26 14:00:00
GME,stocks,33.333333333333336,5,4,2,1614367800,2021-02-26 13:30:00
GME,stocks,41.1764705882353,10,2,4,1614366000,2021-02-26 13:00:00
GME,stocks,0.0,4,0,5,1614364200,2021-02-26 12:30:00
GME,stocks,31.25,7,5,3,1614362400,2021-02-26 12:00:00
GME,stocks,66.66666666666667,6,1,1,1614360600,2021-02-26 11:30:00
GME,stocks,80.0,3,1,0,1614358800,2021-02-26 11:00:00
GME,stocks,83.33333333333333,4,1,0,1614357000,2021-02-26 10:30:00
GME,stocks,38.46153846153846,5,6,1,1614355200,2021-02-26 10:00:00
GME,stocks,55.55555555555556,5,2,1,1614353400,2021-02-26 09:30:00
GME,stocks,25.0,1,1,1,1614351600,2021-02-26 09:00:00
GME,stocks,36.36363636363637,4,5,1,1614349800,2021-02-26 08:30:00
GME,stocks,-5.555555555555555,4,7,6,1614348000,2021-02-26 08:00:00
SPY,stocks,100.0,2,0,0,1614373200,2021-02-26 15:00:00
SPY,stocks,50.0,2,0,1,1614371400,2021-02-26 14:30:00
SPY,stocks,100.0,2,0,0,1614369600,2021-02-26 14:00:00
SPY,stocks,33.333333333333336,2,2,1,1614367800,2021-02-26 13:30:00
SPY,stocks,100.0,5,0,0,1614366000,2021-02-26 13:00:00
SPY,stocks,66.66666666666667,5,3,0,1614364200,2021-02-26 12:30:00
SPY,stocks,100.0,5,0,0,1614362400,2021-02-26 12:00:00
SPY,stocks,100.0,5,0,0,1614360600,2021-02-26 11:30:00
SPY,stocks,100.0,6,0,0,1614358800,2021-02-26 11:00:00
SPY,stocks,100.0,5,0,0,1614357000,2021-02-26 10:30:00
SPY,stocks,75.0,2,1,0,1614355200,2021-02-26 10:00:00
SPY,stocks,83.33333333333333,4,1,0,1614353400,2021-02-26 09:30:00
SPY,stocks,75.0,2,1,0,1614351600,2021-02-26 09:00:00
SPY,stocks,100.0,1,0,0,1614349800,2021-02-26 08:30:00
SPY,stocks,50.0,0,1,0,1614348000,2021-02-26 08:00:00
TSLA,stocks,50.0,3,1,1,1614373200,2021-02-26 15:00:00
TSLA,stocks,28.571428571428573,3,1,2,1614371400,2021-02-26 14:30:00
TSLA,stocks,50.0,3,1,1,1614369600,2021-02-26 14:00:00
TSLA,stocks,40.0,1,3,0,1614367800,2021-02-26 13:30:00
TSLA,stocks,75.0,2,1,0,1614366000,2021-02-26 13:00:00
TSLA,stocks,100.0,1,0,0,1614364200,2021-02-26 12:30:00
TSLA,stocks,23.076923076923077,5,4,3,1614362400,2021-02-26 12:00:00
TSLA,stocks,100.0,1,0,0,1614360600,2021-02-26 11:30:00
TSLA,stocks,60.0,2,2,0,1614358800,2021-02-26 11:00:00
TSLA,stocks,50.0,5,6,0,1614357000,2021-02-26 10:30:00
TSLA,stocks,16.666666666666668,1,3,1,1614355200,2021-02-26 10:00:00
TSLA,stocks,100.0,3,0,0,1614353400,2021-02-26 09:30:00
TSLA,stocks,50.0,0,1,0,1614351600,2021-02-26 09:00:00
TSLA,stocks,100.0,3,0,0,1614349800,2021-02-26 08:30:00
TSLA,stocks,60.0,2,2,0,1614348000,2021-02-26 08:00:00
no-filter,investing,39.795918367346935,50,35,12,1614373200,2021-02-26 15:00:00
no-filter,investing,27.722772277227723,43,41,16,1614371400,2021-02-26 14:30:00
no-filter,investing,34.78260869565217,32,27,9,1614369600,2021-02-26 14:00:00
no-filter,investing,54.411764705882355,39,25,3,1614367800,2021-02-26 13:30:00
no-filter,investing,48.35164835164835,50,33,7,1614366000,2021-02-26 13:00:00
no-filter,investing,51.61290322580645,57,25,10,1614364200,2021-02-26 12:30:00
no-filter,investing,39.603960396039604,49,41,10,1614362400,2021-02-26 12:00:00
no-filter,investing,38.613861386138616,50,38,12,1614360600,2021-02-26 11:30:00
no-filter,investing,35.64356435643565,52,31,17,1614358800,2021-02-26 11:00:00
no-filter,investing,32.67326732673267,49,34,17,1614357000,2021-02-26 10:30:00
no-filter,investing,39.603960396039604,55,29,16,1614355200,2021-02-26 10:00:00
no-filter,investing,40.59405940594059,50,40,10,1614353400,2021-02-26 09:30:00
no-filter,investing,32.05128205128205,32,37,8,1614351600,2021-02-26 09:00:00
no-filter,investing,34.065934065934066,40,40,10,1614349800,2021-02-26 08:30:00
no-filter,investing,43.61702127659574,49,35,9,1614348000,2021-02-26 08:00:00
AAPL,investing,100.0,1,0,0,1614373200,2021-02-26 15:00:00
AAPL,investing,33.333333333333336,1,0,1,1614371400,2021-02-26 14:30:00
AAPL,investing,100.0,0,0,0,1614369600,2021-02-26 14:00:00
AAPL,investing,100.0,0,0,0,1614367800,2021-02-26 13:30:00
AAPL,investing,100.0,1,0,0,1614366000,2021-02-26 13:00:00
AAPL,investing,100.0,2,0,0,1614364200,2021-02-26 12:30:00
AAPL,investing,50.0,0,1,0,1614362400,2021-02-26 12:00:00
AAPL,investing,100.0,0,0,0,1614360600,2021-02-26 11:30:00
AAPL,investing,50.0,0,1,0,1614358800,2021-02-26 11:00:00
AAPL,investing,100.0,1,0,0,1614357000,2021-02-26 10:30:00
AAPL,investing,100.0,2,0,0,1614355200,2021-02-26 10:00:00
AAPL,investing,100.0,1,0,0,1614353400,2021-02-26 09:30:00
AAPL,investing,100.0,0,0,0,1614351600,2021-02-26 09:00:00
AAPL,investing,100.0,0,0,0,1614349800,2021-02-26 08:30:00
AAPL,investing,100.0,1,0,0,1614348000,2021-02-26 08:00:00
GME,investing,33.333333333333336,0,2,0,1614373200,2021-02-26 15:00:00
GME,investing,0.0,0,0,1,1614371400,2021-02-26 14:30:00
GME,investing,100.0,1,0,0,1614369600,2021-02-26 14:00:00
GME,investing,100.0,2,0,0,1614367800,2021-02-26 13:30:00
GME,investing,50.0,0,1,0,1614366000,2021-02-26 13:00:00
GME,investing,66.66666666666667,1,1,0,1614364200,2021-02-26 12:30:00
GME,investing,100.0,1,0,0,1614362400,2021-02-26 12:00:00
GME,investing,66.66666666666667,1,1,0,1614360600,2021-02-26 11:30:00
GME,investing,100.0,0,0,0,1614358800,2021-02-26 11:00:00
GME,investing,20.0,2,0,2,1614357000,2021-02-26 10:30:00
GME,investing,100.0,0,0,0,1614355200,2021-02-26 10:00:00
GME,investing,0.0,0,1,1,1614353400,2021-02-26 09:30:00
GME,investing,100.0,0,0,0,1614351600,2021-02-26 09:00:00
GME,investing,50.0,0,1,0,1614349800,2021-02-26 08:30:00
GME,investing,100.0,2,0,0,1614348000,2021-02-26 08:00:00
SPY,investing,100.0,0,0,0,1614373200,2021-02-26 15:00:00
SPY,investing,0.0,0,0,1,1614371400,2021-02-26 14:30:00
SPY,investing,100.0,0,0,0,1614369600,2021-02-26 14:00:00
SPY,investing,100.0,1,0,0,1614367800,2021-02-26 13:30:00
SPY,investing,100.0,0,0,0,1614366000,2021-02-26 13:00:00
SPY,investing,100.0,0,0,0,1614364200,2021-02-26 12:30:00
SPY,investing,100.0,1,0,0,1614362400,2021-02-26 12:00:00
SPY,investing,100.0,0,0,0,1614360600,2021-02-26 11:30:00
SPY,investing,100.0,0,0,0,1614358800,2021-02-26 11:00:00
SPY,investing,50.0,0,1,0,1614357000,2021-02-26 10:30:00
SPY,investing,50.0,0,1,0,1614355200,2021-02-26 10:00:00
SPY,investing,100.0,0,0,0,1614353400,2021-02-26 09:30:00
SPY,investing,100.0,0,0,0,1614351600,2021-02-26 09:00:00
SPY,investing,100.0,0,0,0,1614349800,2021-02-26 08:30:00
SPY,investing,100.0,0,0,0,1614348000,2021-02-26 08:00:00
TSLA,investing,100.0,0,0,0,1614373200,2021-02-26 15:00:00
TSLA,investing,100.0,1,0,0,1614371400,2021-02-26 14:30:00
TSLA,investing,100.0,0,0,0,1614369600,2021-02-26 14:00:00
TSLA,investing,100.0,0,0,0,1614367800,2021-02-26 13:30:00
TSLA,investing,100.0,0,0,0,1614366000,2021-02-26 13:00:00
TSLA,investing,100.0,0,0,0,1614364200,2021-02-26 12:30:00
TSLA,investing,100.0,0,0,0,1614362400,2021-02-26 12:00:00
TSLA,investing,100.0,0,0,0,1614360600,2021-02-26 11:30:00
TSLA,investing,50.0,0,1,0,1614358800,2021-02-26 11:00:00
TSLA,investing,100.0,1,0,0,1614357000,2021-02-26 10:30:00
TSLA,investing,100.0,0,0,0,1614355200,2021-02-26 10:00:00
TSLA,investing,33.333333333333336,0,2,0,1614353400,2021-02-26 09:30:00
TSLA,investing,100.0,0,0,0,1614351600,2021-02-26 09:00:00
TSLA,investing,33.333333333333336,1,0,1,1614349800,2021-02-26 08:30:00
TSLA,investing,100.0,1,0,0,1614348000,2021-02-26 08:00:00
