date,open,High,Low,Close,Adj Close,Volume,value
2016-02-24,29.42,29.9,28.26,29.889999,23.068193,1604200,0
2016-02-25,29.6,30.059999,29.309999,29.959999,23.122219,1528900,0.611828688
2016-02-26,30.110001,30.610001,29.93,30.540001,23.569849,1693900,1.722976351
2016-02-29,30.440001,31.09,30.02,30.82,23.785942,2350400,1.095981365
2016-03-01,31.049999,31.24,30.49,30.940001,23.878555,2130100,2.003935545
2016-03-02,30.879999,31.68,29.16,31.290001,24.148674,4113100,-0.547504043
2016-03-03,31.360001,32.950001,31.280001,32.709999,25.244589,3549000,1.554410672
2016-03-04,32.27,32.560001,31.190001,31.23,24.378124,2530400,2.901782433
2016-03-07,31.030001,31.700001,30.379999,30.74,23.99563,2830300,-3.842575147
2016-03-08,30.889999,30.99,29.809999,30.120001,23.511656,2328500,-0.451182712
2016-03-09,30.379999,31.57,30.16,31.290001,24.424961,2594500,-1.651019801
2016-03-10,31.33,31.33,29.940001,30.440001,23.761448,2049300,3.127060669
2016-03-11,30.540001,31.09,30.440001,30.75,24.003435,1619300,-2.521541653
2016-03-14,30.76,32.029999,30.719999,31.66,24.713781,1730400,0.720363434
2016-03-15,31.51,31.73,29.969999,30.780001,24.026854,2027900,2.438231469
2016-03-16,31.15,32.009998,30.82,31.91,24.90893,1562400,-1.142494446
2016-03-17,32.18,32.220001,31.01,31.360001,24.479597,3050200,3.306581059
2016-03-18,31.58,32.290001,30.790001,30.83,24.065882,5542700,-1.864512119
2016-03-21,30.92,31.66,30.049999,30.85,24.081497,3358700,-2.089930336
2016-03-22,30.75,30.790001,30.01,30.18,23.558491,2175000,-0.549805951
2016-03-23,30.18,30.809999,30.049999,30.370001,23.70681,1969200,-1.853658537
2016-03-24,30.34,30.5,29.610001,30.27,23.628746,4488100,0.530152419
2016-03-28,28.950001,30.950001,28.4,30.09,23.488241,8247200,-4.581407383
2016-03-29,30.18,31.93,30,31.51,24.596691,3802500,4.248701062
2016-03-30,31.57,31.969999,31,31.76,24.79184,2522100,4.605699139
2016-03-31,31.870001,32.43,31.67,31.73,24.768423,2094000,0.950272411
2016-04-01,31.73,31.76,30.709999,31.34,24.463989,2135100,-0.439287718
2016-04-04,31.389999,31.42,30.709999,30.93,24.143944,1491800,-1.07154428
2016-04-05,30.799999,31.08,30.219999,30.290001,23.644358,1751000,-1.879579544
2016-04-06,30.25,31.1,29.790001,30.09,23.488241,2301500,-1.785711097
2016-04-07,30.110001,30.209999,29,29.120001,22.731058,3673900,-0.462806612
2016-04-08,29.27,29.870001,29.120001,29.49,23.019878,2122600,-2.789774069
2016-04-11,29.74,30.620001,29.719999,29.879999,23.32431,2045300,1.605739665
2016-04-12,30,30.469999,29.709999,30.09,23.488241,1960100,0.874243443
2016-04-13,30.25,31.6,30.190001,31.469999,24.565464,2172900,0.833333333
2016-04-14,31.360001,31.73,30.610001,31.65,24.705973,2564900,3.669424793
2016-04-15,31.75,32.139999,31.51,31.790001,24.815258,2585500,1.243619221
2016-04-18,31.860001,32.389999,31.629999,32.209999,25.14311,1782200,0.346459843
2016-04-19,32.34,32.549999,32.119999,32.450001,25.330458,1662700,1.506588151
2016-04-20,32.490002,33.290001,32.330002,32.889999,25.673916,2754000,0.463828077
2016-04-21,32.889999,33.09,32.209999,32.310001,25.221167,2581400,1.231138736
2016-04-22,32.27,32.900002,32.189999,32.799999,25.603662,22220500,-1.885068467
2016-04-25,32.68,33,32.43,32.799999,25.603662,2062800,1.270529904
2016-04-26,32.75,33.34,32.599998,33.32,26.009577,1990300,0.214198286
2016-04-27,33.200001,33.720001,33.099998,33.380001,26.056412,2835800,1.374048855
2016-04-28,33.169998,33.32,32.779999,32.900002,25.681723,2144800,-0.090370479
2016-04-29,32.900002,33.02,32.369999,32.799999,25.603662,2118400,-0.813976534
2016-05-02,32.810001,32.860001,31.950001,32.360001,25.260202,2647500,-0.273559254
2016-05-03,32.209999,32.369999,31.299999,31.299999,24.432762,2640200,-1.828716799
2016-05-04,31.200001,31.34,30.33,30.74,23.99563,2870800,-3.13566604
2016-05-05,30.690001,30.76,29.969999,30.110001,23.503855,2147700,-1.634615332
2016-05-06,30.209999,30.23,29.370001,30.09,23.488241,1955700,-1.564033836
2016-05-09,30.1,30.49,30.040001,30.190001,23.566299,1884600,-0.364114544
2016-05-10,30.26,30.66,30.01,30.52,23.823896,1318700,0.531561462
2016-05-11,30.15,30.15,28.92,29.200001,22.793507,2999300,-0.363516193
2016-05-12,29.299999,29.389999,28.85,29.1,22.715445,2149700,-2.819240464
2016-05-13,29.1,29.32,28.41,28.73,22.426624,2963600,-0.682590467
2016-05-16,28.76,29.120001,28.559999,29.02,22.652998,3026100,-1.16838488
2016-05-17,29.09,29.4,28.41,28.459999,22.215862,3047300,1.147426982
2016-05-18,28.33,28.370001,27.780001,28.030001,21.880205,3887200,-2.612581643
2016-05-19,28.040001,28.58,27.52,28.549999,22.286114,3142500,-1.023646311
2016-05-20,28.68,28.74,28.200001,28.48,22.231474,2329300,2.28244999
2016-05-23,28.610001,28.870001,28.309999,28.469999,22.223669,2005700,-0.244069038
2016-05-24,28.389999,28.959999,28.15,28.700001,22.403204,3522600,-0.768968865
2016-05-25,28.77,29.84,28.67,29.73,23.207226,4611800,1.338503041
2016-05-26,29.99,30.42,29.889999,29.98,23.402376,3425500,4.240528328
2016-05-27,28.040001,28.93,27.65,28.799999,22.481268,7559600,-6.502164055
2016-05-31,28.889999,29.35,28.629999,29.1,22.715445,9935800,3.031376497
2016-06-01,29.02,29.200001,28.450001,28.950001,22.598354,3722300,0.44998617
2016-06-02,28.98,29.32,28.75,28.889999,22.551519,1968100,-0.137835975
2016-06-03,28.959999,29.049999,28.309999,28.629999,22.348564,2209700,-0.069016563
2016-06-06,28.27,28.6,28.040001,28.469999,22.514633,1955200,-2.382593314
2016-06-07,28.49,28.790001,28.4,28.459999,22.506725,1821000,0.778210117
2016-06-08,28.469999,28.620001,28.18,28.23,22.324841,1920400,-0.07020358
2016-06-09,28.07,28.27,27.15,27.27,21.565651,3397000,-1.404984243
2016-06-10,26.950001,26.950001,26.16,26.530001,20.980444,4522100,-3.990021375
2016-06-13,26.450001,26.67,26.02,26.030001,20.585037,2331700,-1.855287501
2016-06-14,25.969999,26.040001,25.35,25.73,20.347792,3149000,-1.814752294
2016-06-15,25.700001,26.42,25.610001,26.129999,20.664116,3626600,-1.039653486
2016-06-16,26.059999,26.18,25.73,25.93,20.505955,2230800,1.400770374
2016-06-17,25.98,26.6,25.780001,26.15,20.679935,2594800,-0.306980058
2016-06-20,26.450001,26.82,26.35,26.4,20.877638,2280600,1.80908776
2016-06-21,26.370001,26.450001,25.709999,25.84,20.434778,1569600,-0.302457455
2016-06-22,25.959999,26.280001,25.809999,26,20.56131,1786700,-1.554804643
2016-06-23,26.43,26.549999,26.17,26.33,20.822283,1518500,1.81048158
2016-06-24,25.280001,25.73,25.26,25.34,20.039371,1843000,-4.351112372
2016-06-27,25.309999,25.969999,25.18,25.5,20.165901,3060700,0.11866297
2016-06-28,25.83,26.18,25.620001,26.049999,20.600851,2880800,2.054527936
2016-06-29,26.469999,26.969999,26.370001,26.41,20.885546,2485300,2.477735192
2016-06-30,26.51,26.690001,26.02,26.58,21.019987,1859200,0.151118253
2016-07-01,26.879999,27.379999,26.73,27.059999,21.39958,2632600,1.395695964
2016-07-05,27.030001,27.059999,25.959999,26.299999,20.798557,2141100,0.558043176
2016-07-06,26.23,26.48,25.73,26.469999,20.932995,2490300,-2.959678026
2016-07-07,26.52,27.030001,26.190001,26.33,20.822283,2270700,1.10560427
2016-07-08,26.67,27.389999,26.66,27.370001,21.644735,2104100,0.56561086
2016-07-11,28.110001,28.790001,28.049999,28.450001,22.498819,3566700,5.399328834
2016-07-12,28.719999,28.969999,28.5,28.74,22.728157,3023300,2.170039055
2016-07-13,28.84,29.200001,28.68,28.85,22.815147,2952800,0.417830794
2016-07-14,28.950001,29.1,28.459999,28.620001,22.633261,1997100,0.381418169
2016-07-15,28.799999,28.799999,27.98,27.99,22.135042,2468500,-0.518141606
2016-07-18,28,30.4,27.870001,30.190001,23.874846,7792200,-2.777774402
2016-07-19,30.870001,31.299999,30.01,30.190001,23.874846,4359200,10.25000357
2016-07-20,30.110001,31.32,30.040001,31.120001,24.61031,3771100,-2.461937076
2016-07-21,31.15,31.85,30.950001,31.01,24.523315,4365100,3.453998557
2016-07-22,31,31.190001,30.65,30.809999,24.36515,2590400,-0.481540931
2016-07-25,30.52,30.959999,30.049999,30.879999,24.420511,2252200,-1.548387097
2016-07-26,30.82,31.299999,30.440001,31.25,24.713114,2521100,0.982961992
2016-07-27,31.42,31.58,31.1,31.32,24.768471,2183200,1.9467878
2016-07-28,31.200001,31.33,30.790001,31.17,24.649851,1421900,-0.700187778
2016-07-29,31.25,31.25,30.559999,30.950001,24.475868,1597300,0.1602532
2016-08-01,30.969999,30.99,30.18,30.35,24.001377,2887600,-0.8960032
2016-08-02,30.559999,30.620001,29.219999,29.24,23.123568,3420700,-1.323861844
2016-08-03,29.040001,29.83,28.57,29.639999,23.439894,2360100,-4.973815608
2016-08-04,29.540001,30,29.43,29.66,23.455709,1206600,1.721763026
2016-08-05,29.889999,30.59,29.809999,30.040001,23.756226,2612300,1.184827313
2016-08-08,30.139999,30.389999,29.639999,29.790001,23.558521,2044100,0.836400162
2016-08-09,29.76,30.219999,29.5,29.629999,23.431984,2247600,-1.260779737
2016-08-10,29.6,30.23,29.6,30.15,23.843208,1750300,-0.537634409
2016-08-11,30.530001,31.17,30.43,31.110001,24.6024,2477800,3.14189527
2016-08-12,31,31.73,30.82,31.35,24.792198,2146000,1.539466048
2016-08-15,31.309999,32.080002,31.309999,31.73,25.092707,1430100,0.999996774
2016-08-16,31.66,31.950001,31.16,31.17,24.649851,1586900,1.11785695
2016-08-17,30.870001,30.940001,30.5,30.82,24.373062,1762400,-2.495259002
2016-08-18,30.93,31.190001,30.57,31.17,24.649851,1580100,0.194360214
2016-08-19,31.059999,31.92,30.889999,31.719999,25.084799,2164800,0.420300679
2016-08-22,32,32.099998,31.26,31.459999,24.879187,1671900,3.026403832
2016-08-23,32.029999,32.669998,31.83,32.09,25.377405,2840300,0.093746875
2016-08-24,32.130001,32.41,31.620001,31.709999,25.076891,2715400,0.31221356
2016-08-25,31.67,32.25,31.280001,32.16,25.432758,6167300,-1.431686852
2016-08-26,30.219999,30.51,28.690001,28.74,22.728157,14493400,-4.578468582
2016-08-29,28.75,28.969999,28.34,28.969999,22.910044,4405600,-4.864325111
2016-08-30,28.889999,28.959999,28.27,28.49,22.530453,2859100,0.486953043
2016-08-31,28.48,28.950001,28.309999,28.389999,22.451368,2828000,-1.419172773
2016-09-01,28.469999,28.58,27.969999,28.030001,22.166674,2094800,-0.035115871
2016-09-02,28.209999,28.48,28.040001,28.389999,22.451368,1690100,-0.913242041
2016-09-06,28.379999,28.67,28.25,28.370001,22.435553,1944100,0.602623205
2016-09-07,28.030001,28.23,27.889999,28.129999,22.539719,1516100,-1.233255857
2016-09-08,27.969999,28.110001,27.75,27.780001,22.259274,1728800,-0.214063496
2016-09-09,27.940001,28.030001,27.17,27.18,21.778513,2485400,-0.10725063
2016-09-12,27.379999,27.379999,26.85,27.040001,21.666332,3607000,-2.004302004
2016-09-13,26.950001,27.389999,26.809999,26.99,21.62627,2825400,-1.570482161
2016-09-14,27.629999,27.629999,26.940001,27.030001,21.658321,1854300,2.52318358
2016-09-15,26.879999,27.27,26.690001,27.25,21.834602,2210500,-2.714440923
2016-09-16,27.209999,27.26,26.9,27.09,21.7064,1922000,1.227678617
2016-09-19,27.389999,28.18,27.389999,27.9,22.355425,3349800,0.661521524
2016-09-20,28.08,28.18,27.629999,27.719999,22.211199,1865100,2.519171322
2016-09-21,27.790001,28.16,27.709999,28.129999,22.539719,1663700,-1.032759972
2016-09-22,28.290001,28.450001,27.889999,28.27,22.651899,1790300,1.799208284
2016-09-23,28.24,28.58,28.190001,28.190001,22.587795,1370200,-0.176744426
2016-09-26,28.110001,28.200001,27.639999,27.639999,22.147097,1074900,-0.460336402
2016-09-27,27.65,27.76,27.27,27.43,21.97883,1443000,-1.636431817
2016-09-28,27.450001,27.860001,27.200001,27.49,22.026907,1166400,-0.723323689
2016-09-29,27.5,27.66,27.129999,27.139999,21.746462,1758100,0.182145713
2016-09-30,27.379999,27.700001,27.25,27.59,22.107035,1788800,-0.436367273
2016-10-03,27.59,27.860001,27.450001,27.780001,22.259274,1625400,0.76698688
2016-10-04,27.780001,27.84,27.030001,27.129999,21.738449,2345700,0.688658934
2016-10-05,27.27,27.48,26.950001,27.200001,21.79454,1941100,-1.835856665
2016-10-06,27.08,27.1,26.299999,26.68,21.377878,3747500,-0.69673634
2016-10-07,26.799999,26.93,26.469999,26.68,21.377878,2145400,-1.033977105
2016-10-10,26.84,27.139999,26.65,26.83,21.49807,1599600,0.149257468
2016-10-11,26.82,26.860001,26.01,26.049999,20.873075,2142200,-0.074515648
2016-10-12,26.139999,26.459999,26,26.120001,20.929167,2446800,-2.535425056
2016-10-13,26,26.139999,25.35,25.469999,20.40834,2680300,-0.535573854
2016-10-14,25.58,25.690001,25.110001,25.379999,20.336227,3136100,-1.615384615
2016-10-17,25.32,25.57,24.65,24.700001,19.791368,5481500,-1.016419077
2016-10-18,24.969999,25.110001,24.780001,24.82,19.887518,2069400,-1.382310427
2016-10-19,24.879999,25.01,24.450001,25,20.031742,2332400,-0.360432533
2016-10-20,24.950001,25.200001,24.91,25.110001,20.119886,2265400,0.281358532
2016-10-21,25.09,25.09,24.719999,25.01,20.039755,1753200,0.561118214
2016-10-24,25.370001,25.370001,24.85,25.139999,20.143921,1873500,1.115986449
2016-10-25,25.02,25.15,24.65,24.75,19.831427,1909900,-1.379586071
2016-10-26,24.73,25.190001,24.35,24.77,19.847456,3323900,-1.159072742
2016-10-27,24.84,24.91,23.889999,23.99,19.222464,2703400,0.444803882
2016-10-28,23.99,24.219999,23.690001,23.9,19.150351,1871100,-3.421900161
2016-10-31,23.950001,24.18,23.76,24.049999,19.270538,2151200,-0.166731972
2016-11-01,24.01,24.01,23.32,23.559999,18.877914,2499200,0.250517735
2016-11-02,20.59,21.540001,20.1,20.93,16.770575,13653300,-14.24406497
2016-11-03,20.77,20.92,20.52,20.83,16.690451,5559900,0.874210782
2016-11-04,20.790001,21.219999,20.610001,20.73,16.610323,3076400,0.096297545
2016-11-07,21,21.530001,20.75,21.24,17.01897,2881800,1.010096152
2016-11-08,21.139999,21.25,20.860001,20.91,16.754549,1884000,0.666661905
2016-11-09,20.59,21.610001,20.5,21.530001,17.251339,1740500,-2.601698326
2016-11-10,21.76,22.52,21.709999,21.870001,17.523771,2523800,5.682370083
2016-11-11,21.809999,22.370001,21.5,22.32,17.884342,2197400,0.229774816
2016-11-14,22.440001,23.290001,22.4,22.99,18.421192,2075400,2.888592521
2016-11-15,22.93,22.99,22.190001,22.65,18.148758,2216800,2.183596159
2016-11-16,22.530001,23.18,22.440001,23.059999,18.477283,1708300,-1.744435238
2016-11-17,23.309999,23.5,23.01,23.459999,18.797789,1143500,3.462041568
2016-11-18,23.370001,23.540001,23.030001,23.459999,18.797789,1679000,0.257408848
2016-11-21,23.530001,23.57,23.16,23.459999,18.797789,2235500,0.684638396
2016-11-22,23.690001,24.209999,23.6,24.110001,19.318615,3741700,0.679982972
2016-11-23,24.780001,26.41,24.639999,26.059999,20.881088,9376800,4.601097315
2016-11-25,26.139999,26.49,25.780001,25.82,20.688784,2313300,5.488288721
2016-11-28,26,26,24.76,25.15,20.151934,2815700,-0.535573854
2016-11-29,24.85,25.030001,24.35,24.49,19.916096,2321100,-4.423076923
2016-11-30,24.459999,24.84,24.25,24.690001,20.078743,3192300,-1.569420523
2016-12-01,24.66,25.02,24.450001,24.639999,20.038082,1440700,0.81766561
2016-12-02,24.610001,24.83,24.129999,24.27,19.737186,1572800,-0.202753447
2016-12-05,24.440001,24.879999,24.27,24.52,19.940495,2335300,-0.690776079
2016-12-06,24.65,24.93,24.59,24.889999,20.24139,1508000,0.859243009
2016-12-07,25.17,26.110001,25.16,25.940001,21.095285,2799300,2.109533469
2016-12-08,26,26.18,25.540001,25.969999,21.119682,3100200,3.29757648
2016-12-09,25.9,26.33,25.77,26.02,21.160345,2451700,-0.384615385
2016-12-12,26.059999,26.469999,25.77,26.42,21.485641,2146200,0.617756757
2016-12-13,26.51,26.85,26.33,26.389999,21.461243,2399300,1.726788247
2016-12-14,26.34,26.42,25.190001,25.280001,20.55855,2373300,-0.641267446
2016-12-15,25.27,25.709999,25.1,25.34,20.607347,1964800,-4.062262718
2016-12-16,25.35,25.68,25.290001,25.42,20.672403,3383300,0.316580926
2016-12-19,25.41,25.91,25.41,25.9,21.062756,1316700,0.236686391
2016-12-20,25.860001,26.16,25.84,26.120001,21.241669,1031700,1.770960252
2016-12-21,26.07,26.540001,25.85,26.389999,21.461243,1879400,0.812061067
2016-12-22,26.370001,26.370001,25.040001,25.059999,20.379641,2296500,1.150751822
2016-12-23,25.559999,26.01,25.32,25.41,20.664272,1977600,-3.071679823
2016-12-27,25.41,26,25.4,25.950001,21.10342,1596100,-0.586850571
2016-12-28,25.790001,25.950001,25.08,25.27,20.550419,1716100,1.495478158
2016-12-29,25.24,25.76,25.24,25.34,20.607347,1714800,-2.132613333
2016-12-30,25.42,25.75,25.219999,25.26,20.542286,1747800,0.713153724
2017-01-03,25.440001,25.469999,25.02,25.370001,20.631744,1941400,0.07868214
2017-01-04,25.58,26.049999,25.58,25.92,21.07902,2244300,0.550310513
2017-01-05,25.559999,25.559999,24.9,25,20.330845,3037700,-0.078189992
2017-01-06,25.15,25.17,24.5,24.52,19.940495,2333600,-1.604065008
2017-01-09,24.6,24.66,24.33,24.49,19.916096,1646700,-2.186878728
2017-01-10,24.52,25.1,24.440001,24.639999,20.038082,2243100,-0.325203252
2017-01-11,24.74,25.129999,24.5,24.610001,20.013685,2543400,0.897226754
2017-01-12,24.610001,24.940001,24.58,24.719999,20.10314,2643200,-0.525460792
2017-01-13,22.290001,23.190001,22.27,22.73,18.484804,14823900,-9.427061787
2017-01-17,22.74,23.75,22.68,23.34,18.980875,4983400,2.018837953
2017-01-18,23.299999,23.620001,22.9,23.49,19.102865,2180900,2.462616535
2017-01-19,23.530001,23.690001,23.18,23.309999,18.956482,2002400,0.98713309
2017-01-20,23.459999,23.629999,23.33,23.58,19.176056,2566100,-0.29750105
2017-01-23,23.67,24,23.450001,23.93,19.460688,2186300,0.895144966
2017-01-24,23.940001,24.15,23.719999,23.870001,19.411892,2850600,1.140688635
2017-01-25,24,24.219999,23.93,24.17,19.655863,1887700,0.250622379
2017-01-26,24.25,24.690001,24.120001,24.219999,19.696524,3160300,1.041666667
2017-01-27,24.280001,24.5,23.959999,24.309999,19.769714,2669400,0.123715464
2017-01-30,24.120001,24.23,23.85,24.18,19.663996,1731300,-0.658978556
2017-01-31,23.98,24.540001,23.860001,24.49,19.916096,1596900,-0.580435299
2017-02-01,24.49,24.639999,24.08,24.299999,19.761581,1752900,2.12677231
2017-02-02,24.389999,24.58,24.27,24.379999,19.826637,1651800,-0.408334014
2017-02-03,24.35,24.9,24.280001,24.74,20.119406,2242700,-0.163997547
2017-02-06,24.74,24.950001,24.52,24.68,20.070614,1704600,1.60164271
2017-02-07,24.700001,25,24.51,24.629999,20.029951,2179600,-0.161677445
2017-02-08,24.59,24.860001,24.540001,24.790001,20.16007,1388400,-0.44534816
2017-02-09,24.790001,25.4,24.75,25.389999,20.648006,1488300,0.813342822
2017-02-10,25.52,25.75,25.290001,25.66,20.86758,1521000,2.944731628
2017-02-13,25.75,25.85,25.299999,25.370001,20.631744,1470800,0.901253918
2017-02-14,25.27,25.870001,25.25,25.74,20.932644,1542700,-1.86407767
2017-02-15,25.75,26.08,25.540001,25.780001,20.965168,2146700,1.899485556
2017-02-16,25.700001,25.879999,25.299999,25.42,20.672403,1795800,-0.194170874
2017-02-17,25.370001,25.610001,25.290001,25.57,20.794392,1241700,-1.284046643
2017-02-21,25.84,26.25,25.75,26.219999,21.322992,2720300,1.852577775
2017-02-22,26.200001,26.299999,26.02,26.26,21.355524,1377700,1.393192724
2017-02-23,26.32,26.34,25.52,25.559999,20.786259,2462200,0.458011433
2017-02-24,25.549999,26.5,25.450001,26.280001,21.371786,1991700,-2.925535714
2017-02-27,26.209999,26.68,25.68,26.52,21.566963,2301300,2.583170356
2017-02-28,26.33,26.33,23.57,24.440001,19.875437,7757900,0.457844352
2017-03-01,24.57,24.93,24.280001,24.48,19.907965,3341500,-6.684390429
2017-03-02,24.469999,25.1,24.450001,24.98,20.314583,2475400,-0.407004477
2017-03-03,25.059999,25.32,25.01,25.280001,20.55855,1827900,2.41111575
2017-03-06,25.280001,25.299999,24.709999,24.91,20.257654,2275600,0.877901073
2017-03-07,24.790001,24.870001,24.42,24.67,20.062479,2314600,-1.938291063
2017-03-08,24.75,25.17,24.610001,25,20.330845,2380400,-0.161359413
2017-03-09,25,25.24,24.82,25,20.330845,2398700,1.01010101
2017-03-10,24.700001,25.299999,24.629999,25.18,20.793287,3049400,-1.199996
2017-03-13,24.77,24.799999,24.110001,24.190001,19.975761,3940100,0.28339675
2017-03-14,24.18,24.639999,24,24.559999,20.2813,1849800,-2.381913605
2017-03-15,24.66,24.780001,24.299999,24.67,20.372135,2896500,1.985111663
2017-03-16,24.59,24.6,24.040001,24.26,20.033566,3133500,-0.283860503
2017-03-17,24.290001,24.67,24.200001,24.639999,20.347363,5429100,-1.220004067
2017-03-20,24.66,24.84,23.76,23.879999,19.719765,4116200,1.523256421
2017-03-21,24.030001,24.139999,23.41,24.01,19.827118,2850500,-2.55474047
2017-03-22,24.02,24.110001,23.76,24.09,19.893181,2042000,-0.041618808
2017-03-23,24.15,24.440001,23.799999,23.959999,19.785826,4662200,0.541215654
2017-03-24,21.370001,21.559999,20.66,20.700001,17.093769,15944600,-11.51138302
2017-03-27,20.33,21.09,20.24,20.85,17.217634,6962300,-4.866639922
2017-03-28,20.879999,21.780001,20.73,21.719999,17.936066,4278600,2.705356616
2017-03-29,21.780001,22.139999,21.57,21.950001,18.125999,3258300,4.310354613
2017-03-30,21.9,22.49,21.860001,22.459999,18.547152,2222000,0.550959571
2017-03-31,22.459999,22.74,22.370001,22.549999,18.621471,2934200,2.557073059
2017-04-03,22.52,22.620001,21.92,22,18.16729,2709100,0.267146049
2017-04-04,21.940001,22.209999,21.74,21.98,18.150772,2237000,-2.575484014
2017-04-05,22.190001,22.290001,21.74,21.76,17.969101,2168900,1.139471233
2017-04-06,21.959999,22.17,21.74,21.84,18.035164,3296200,-1.036511896
2017-04-07,21.82,22.02,21.58,21.66,17.88652,3754500,-0.637518244
2017-04-10,21.6,22.120001,21.559999,21.879999,18.068193,2345300,-1.008249313
2017-04-11,21.799999,22.15,21.68,22.110001,18.258127,2718400,0.925921296
2017-04-12,22.18,22.18,21.870001,22.07,18.22509,1883100,1.743123933
2017-04-13,22.059999,22.440001,21.98,22.379999,18.481087,3663600,-0.541032462
2017-04-17,22.450001,22.950001,22.4,22.889999,18.902237,3554500,1.767914858
2017-04-18,22.84,22.98,22.610001,22.84,18.860949,1986300,1.737189232
2017-04-19,22.92,23.129999,22.76,22.780001,18.811401,1680500,0.350262697
2017-04-20,22.950001,23.43,22.950001,23.190001,19.149973,1906600,0.130894415
2017-04-21,23.24,23.27,22.940001,23.190001,19.149973,1766200,1.263612145
2017-04-24,23.4,23.49,22.959999,23.219999,19.174746,2716400,0.688468158
2017-04-25,23.32,23.49,23.1,23.4,19.323387,1441700,-0.341880342
2017-04-26,23.42,23.98,23.309999,23.65,19.529835,2211600,0.428816467
2017-04-27,23.67,23.709999,23.040001,23.1,19.075653,2970300,1.067463706
2017-04-28,23.09,23.09,22.469999,22.690001,18.737082,3104300,-2.450359104
2017-05-01,22.77,23.24,22.559999,22.780001,18.811401,2744800,-1.385881334
2017-05-02,22.83,23.549999,22.74,23.440001,19.356421,1788200,0.263504611
2017-05-03,23.459999,24,23.379999,23.969999,19.794083,3127300,2.759522558
2017-05-04,23.98,24.139999,23.530001,23.57,19.463772,1464000,2.216543146
2017-05-05,23.700001,24.01,23.58,24,19.818861,1170600,-1.16763553
2017-05-08,24,24.469999,23.84,24.379999,20.132656,2215700,1.265818512
2017-05-09,24.33,24.74,24.09,24.49,20.223494,1950000,1.375
2017-05-10,24.540001,25.129999,24.440001,24.950001,20.603357,2409300,0.863136046
2017-05-11,25.110001,25.309999,24.24,24.35,20.107885,3047700,2.322738292
2017-05-12,24.280001,24.35,23.780001,24.030001,19.843634,1820300,-3.305455862
2017-05-15,24.139999,24.68,24.1,24.360001,20.116146,2139400,-0.576614474
2017-05-16,24.33,24.51,23.9,24.469999,20.20698,2034700,0.787079569
2017-05-17,24.469999,24.469999,23.75,23.84,19.686735,2207700,0.57541718
2017-05-18,23.940001,24.049999,23.52,23.780001,19.637188,1748200,-2.165909365
2017-05-19,23.799999,24.309999,23.58,24.219999,20.00053,2669600,-0.584803651
2017-05-22,24.35,24.6,24.040001,24.049999,19.860149,2455900,2.310928669
2017-05-23,24.370001,24.370001,22.629999,22.66,18.712307,5634800,0.08213963
2017-05-24,22.610001,22.870001,22.43,22.709999,18.753597,2448100,-7.221993959
2017-05-25,23.6,23.67,22.73,23.620001,19.505062,7738500,4.378588926
2017-05-26,22.120001,22.41,21.25,22.219999,18.348963,14212000,-6.271182203
2017-05-30,22.18,22.93,22.17,22.57,18.637985,5679900,0.271243207
2017-05-31,22.639999,22.700001,21.889999,22.139999,18.282898,5406500,2.073935978
2017-06-01,22.15,22.959999,22.110001,22.780001,18.811401,3691000,-2.164306633
2017-06-02,22.73,22.780001,22.35,22.67,18.720568,2350500,2.618510158
2017-06-05,22.25,22.57,21.959999,22.48,18.880136,1955700,-2.11174659
2017-06-06,22.25,22.360001,21.889999,21.9,18.393019,3105400,0
2017-06-07,21.959999,22.209999,21.83,22.040001,18.510601,2154800,-1.303375281
2017-06-08,22.15,22.43,21.33,21.370001,17.947893,3618800,0.865214065
2017-06-09,21.33,22.09,21.299999,22.01,18.485403,2955700,-3.702031603
2017-06-12,21.940001,22.15,21.59,21.709999,18.233442,3281900,2.859826535
2017-06-13,21.780001,22.17,21.57,21.98,18.460207,1918400,-0.729261589
2017-06-14,21.959999,21.959999,21.25,21.629999,18.166256,2481100,0.82643706
2017-06-15,21.52,21.65,21.139999,21.219999,17.821911,2321100,-2.003638525
2017-06-16,21.120001,21.17,20.5,20.59,17.292799,3683000,-1.858731413
2017-06-19,20.65,20.969999,20.35,20.799999,17.469166,2133400,-2.225383417
2017-06-20,20.719999,20.780001,20.469999,20.639999,17.334787,1796200,0.338978208
2017-06-21,20.66,20.950001,20.290001,20.459999,17.183615,2194200,-0.289570477
2017-06-22,20.49,20.790001,20.440001,20.540001,17.250805,4211400,-0.822846079
2017-06-23,20.469999,20.66,20.26,20.65,17.343189,1747800,-0.09761347
2017-06-26,20.67,21.17,20.66,21.129999,17.746321,2307200,0.977044503
2017-06-27,21.07,21.5,21.040001,21.379999,17.956287,1747200,1.935171746
2017-06-28,21.5,21.76,21.43,21.51,18.06547,3161400,2.040816327
2017-06-29,21.559999,21.780001,21.280001,21.610001,18.149456,1733200,0.279065116
2017-06-30,21.75,21.799999,21.389999,21.610001,18.149456,1151100,0.881266275
2017-07-03,21.77,22,21.559999,21.6,18.14106,1409400,0.091954023
2017-07-05,21.559999,21.709999,21.379999,21.51,18.06547,2684200,-0.964634819
2017-07-06,21.370001,21.540001,21.07,21.120001,17.737926,1508300,-0.88125236
2017-07-07,21.15,21.280001,20.860001,20.91,17.561554,1855900,-1.029485212
2017-07-10,20.889999,21.02,20.790001,20.889999,17.544756,1646500,-1.229319149
2017-07-11,20.959999,21.07,20.809999,20.959999,17.603546,1167700,0.335088575
2017-07-12,21.15,21.26,20.98,20.99,17.628742,1087000,0.906493364
2017-07-13,21.24,21.43,21.040001,21.16,17.771519,1749400,0.425531915
2017-07-14,21.25,21.32,20.969999,21.02,17.65394,1229900,0.047080979
2017-07-17,21.030001,21.58,20.98,21.280001,17.872303,1729300,-1.035289412
2017-07-18,21.379999,21.389999,20.98,21.09,17.712727,1103200,1.664279521
2017-07-19,21.15,21.469999,21.059999,21.35,17.931093,972900,-1.075767122
2017-07-20,21.299999,21.34,21.1,21.1,17.721127,1855700,0.70921513
2017-07-21,21.139999,21.18,20.719999,20.780001,17.452372,3575400,-0.751173744
2017-07-24,20.700001,21,20.65,20.799999,17.469166,1584300,-2.081352984
2017-07-25,20.99,21.370001,20.940001,21.26,17.855507,2105500,1.400961285
2017-07-26,21.280001,21.33,20.950001,21.040001,17.670734,1769900,1.381615055
2017-07-27,21.09,21.76,21.030001,21.700001,18.225046,3838400,-0.8928618
2017-07-28,21.639999,21.73,21.4,21.5,18.057074,1234700,2.607866287
2017-07-31,21.549999,21.76,21.41,21.690001,18.216648,1369400,-0.415896507
2017-08-01,21.690001,21.690001,21.139999,21.360001,17.939491,3059100,0.649661283
2017-08-02,21.32,21.620001,21.27,21.379999,17.956287,1116100,-1.705859765
2017-08-03,21.32,21.82,21.32,21.66,18.19145,1047900,0
2017-08-04,21.780001,22.110001,21.690001,21.93,18.418217,1136100,2.157603189
2017-08-07,21.940001,22.26,21.83,22.17,18.619781,1277600,0.734618883
2017-08-08,22.200001,22.370001,21.9,21.940001,18.426615,1422500,1.185050083
2017-08-09,21.75,22.120001,21.620001,22.08,18.544193,1503500,-2.02703144
2017-08-10,21.91,21.91,21.459999,21.469999,18.031876,1521300,0.735632184
2017-08-11,21.24,21.83,21.07,21.76,18.275438,1619300,-3.0579644
2017-08-14,21.950001,21.99,21.719999,21.85,18.351025,1533900,3.342754237
2017-08-15,21.700001,21.77,20.780001,20.93,17.578348,3888400,-1.138952112
2017-08-16,21.120001,21.49,21.08,21.389999,17.964685,2439400,-2.672810937
2017-08-17,21.370001,21.66,21,21.1,17.721127,1939600,1.183712065
2017-08-18,21.049999,21.33,20.969999,21.219999,17.821911,2123500,-1.497435587
2017-08-21,21.16,21.360001,20.969999,20.98,17.620342,1633100,0.522570096
2017-08-22,21.120001,21.690001,21.09,21.639999,18.174654,2473800,-0.189031191
2017-08-23,21.59,21.82,21.209999,21.48,18.040277,2432900,2.225373948
2017-08-24,21.75,22.120001,21.65,21.780001,18.292234,4234600,0.741083835
2017-08-25,19.9,19.940001,18.719999,19.4,16.29336,20500700,-8.505747126
2017-08-28,19.41,19.700001,18.959999,19.15,16.083393,5228400,-2.462311558
2017-08-29,18.93,19.07,18.639999,18.75,15.74745,4667700,-2.472952087
2017-08-30,18.75,18.969999,18.68,18.790001,15.781042,2210100,-0.950871632
2017-08-31,18.83,18.870001,18.469999,18.5,15.537482,2629600,0.426666667
2017-09-01,18.6,18.879999,18.6,18.67,15.680258,2344300,-1.221455125
2017-09-05,18.690001,18.959999,18.559999,18.940001,15.907021,2646000,0.483876344
2017-09-06,19,19.35,18.99,19.34,16.242966,2920800,1.658635545
2017-09-07,19.02,19.34,18.809999,18.85,16.148729,2803000,0.105263158
2017-09-08,18.85,19.190001,18.74,19.15,16.405739,2219200,-0.893796004
2017-09-11,19.209999,19.450001,19.129999,19.200001,16.448574,2204600,1.909809019
2017-09-12,19.26,19.940001,19.209999,19.530001,16.731285,3347000,0.260286323
2017-09-13,19.6,20.040001,19.549999,20.02,17.151066,1755900,1.765316719
2017-09-14,20.059999,20.299999,19.889999,20.08,17.202465,1921700,2.346933673
2017-09-15,20.07,20.440001,20,20.290001,17.382374,2505400,0.049855436
2017-09-18,20.389999,20.629999,20.1,20.17,17.279568,2095900,1.594414549
2017-09-19,20.17,20.26,19.92,20.190001,17.296703,1360300,-1.078955423
2017-09-20,20.129999,20.18,20.01,20.1,17.219601,1215000,-0.198319286
2017-09-21,20,20.190001,19.870001,19.889999,17.039694,1415500,-0.64579735
2017-09-22,19.870001,20.040001,19.860001,20.01,17.142496,1000900,-0.649995
2017-09-25,20.030001,20.469999,20.01,20.440001,17.510878,1158800,0.805233981
2017-09-26,20.549999,20.77,20.34,20.65,17.690784,2130100,2.596095727
2017-09-27,20.780001,20.969999,20.5,20.85,17.862123,2048400,1.119231198
2017-09-28,20.809999,20.93,20.610001,20.790001,17.810724,1720900,0.144359955
2017-09-29,20.799999,20.85,20.52,20.66,17.69935,1565700,-0.048053823
2017-10-02,20.65,20.68,20.35,20.469999,17.536577,1559700,-0.721149073
2017-10-03,20.5,20.51,20.09,20.209999,17.313835,1390300,-0.726392252
2017-10-04,20.09,20.290001,20.030001,20.25,17.348106,1183800,-2
2017-10-05,20.299999,20.530001,20.219999,20.52,17.579412,1146000,1.04529119
2017-10-06,20.41,20.49,20.02,20.02,17.151066,1651800,0.541876874
2017-10-09,20.07,20.25,19.99,20.15,17.262436,1799900,-1.665850073
2017-10-10,20.190001,20.290001,19.950001,20.23,17.330971,1763300,0.597912307
2017-10-11,20.219999,20.219999,19.459999,19.59,16.782684,2309000,0.148578497
2017-10-12,19.59,19.690001,19.32,19.5,16.705582,1775800,-3.115722211
2017-10-13,19.639999,19.77,19.51,19.709999,16.885487,1092900,0.255227157
2017-10-16,19.690001,19.700001,19.200001,19.41,16.628479,1514700,0.254592681
2017-10-17,19.459999,19.700001,19.35,19.66,16.842653,1251100,-1.168115735
2017-10-18,19.719999,20.09,19.620001,20.049999,17.176765,1912200,1.336074067
2017-10-19,20.01,20.15,19.93,20.049999,17.176765,1271600,1.470593381
2017-10-20,20.129999,20.32,20.040001,20.129999,17.2453,1690200,0.599695152
2017-10-23,20.139999,20.549999,20.139999,20.280001,17.373806,1703600,0.049677101
2017-10-24,20.42,20.48,19.940001,19.959999,17.099663,1701200,1.390273157
2017-10-25,19.959999,20,19.34,19.610001,16.79982,2578400,-2.252698335
2017-10-26,19.549999,19.74,19.27,19.51,16.714151,2142100,-2.054108319
2017-10-27,19.4,19.450001,18.92,19.34,16.56851,2230200,-0.767258351
2017-10-30,19.43,19.469999,18.6,18.77,16.080194,2252000,0.154639175
2017-10-31,18.889999,19.040001,18.59,18.690001,16.011658,2193900,-2.779212558
2017-11-01,18.67,18.950001,18.530001,18.6,15.934556,2488700,-1.164632142
2017-11-02,18.6,18.6,18.219999,18.51,15.857452,2904600,-0.374933048
2017-11-03,18.5,18.549999,18.1,18.1,15.506207,2020400,-0.537634409
2017-11-06,18.07,18.209999,17.709999,17.83,15.274899,3049000,-2.324324324
2017-11-07,17.879999,17.99,17.07,17.110001,14.658078,2844400,-1.051472053
2017-11-08,17.17,17.290001,16.98,17.200001,14.735183,2230400,-3.970911855
2017-11-09,17.139999,17.99,17.110001,17.559999,15.043591,2862900,-0.174729179
2017-11-10,17.42,17.42,16.219999,16.43,14.075525,5787400,1.633611531
2017-11-13,16.43,16.84,15.91,16.200001,13.878484,4374700,-5.683122847
2017-11-14,16.1,16.379999,15.85,16.190001,13.869918,3517800,-2.008520998
2017-11-15,16.08,16.5,15.85,16,13.707144,3821500,-0.124223602
2017-11-16,16.01,16.790001,16.01,16.18,13.86135,4855100,-0.435323383
2017-11-17,16.309999,16.58,16.15,16.309999,13.972721,3194500,1.873822611
2017-11-20,16.4,16.459999,16.030001,16.440001,14.08409,3796700,0.551814871
2017-11-21,16.5,16.790001,16.26,16.73,14.332533,9352400,0.609756098
2017-11-22,17.85,18.700001,17.299999,17.370001,14.88082,20142400,8.181818182
2017-11-24,17.43,18.18,17.35,17.42,14.923654,6474200,-2.352941176
2017-11-27,17.59,18.190001,17.59,18.17,15.566176,5846800,0.917957544
2017-11-28,18.17,19.059999,18.17,19.02,16.294367,5883400,3.297328027
2017-11-29,19.09,19.690001,19.059999,19.52,16.722717,6477300,5.063291139
2017-11-30,19.219999,19.34,18.700001,18.75,16.381973,5024700,0.68097957
2017-12-01,18.73,19.16,18.48,18.77,16.399446,3831900,-2.549422609
2017-12-04,19.040001,19.860001,18.99,19.4,16.949881,4361300,1.655104111
2017-12-05,19.530001,19.65,18.950001,19.27,16.8363,3080900,2.573529277
2017-12-06,19.27,19.35,18.93,19.01,16.609135,2430300,-1.331290254
2017-12-07,18.99,19.15,18.610001,18.629999,16.277126,3277300,-1.453035807
2017-12-08,18.879999,19.379999,18.67,19.200001,16.775139,3142100,-0.579257504
2017-12-11,19.280001,19.360001,18.67,19.07,16.661556,3652500,2.118654773
2017-12-12,19.15,19.299999,18.959999,19.110001,16.696507,2532900,-0.674279011
2017-12-13,19.1,19.16,18.610001,18.67,16.312075,3086600,-0.261096606
2017-12-14,18.809999,18.93,18.34,18.379999,16.058699,2818100,-1.518329843
2017-12-15,18.440001,18.58,18.17,18.34,16.023754,3875200,-1.967028281
2017-12-18,18.450001,18.75,18.4,18.66,16.303337,3206400,0.054229932
2017-12-19,18.700001,18.799999,18.370001,18.389999,16.067438,2253700,1.355013477
2017-12-20,18.530001,18.629999,18.209999,18.25,15.945119,2304500,-0.90909086
2017-12-21,18.290001,18.469999,18.01,18.450001,16.11986,2862100,-1.295196908
2017-12-22,18.450001,18.530001,18.25,18.290001,15.980068,2085400,0.874794922
2017-12-26,18.290001,19.18,18.27,18.51,16.172285,3234200,-0.867208625
2017-12-27,18.51,18.57,18.200001,18.25,15.945119,1837600,1.20283755
2017-12-28,18.27,18.280001,18.02,18.17,15.875223,1939400,-1.296596434
2017-12-29,18.23,18.33,17.940001,17.950001,15.683008,2063900,-0.21893815
2018-01-02,17.959999,18.290001,17.780001,18.26,15.953856,2832700,-1.481080636
2018-01-03,18.290001,18.370001,17.92,18.200001,15.901433,3789200,1.837427719
2018-01-04,18.200001,18.379999,17.959999,18.32,16.006279,2781300,-0.492072144
2018-01-05,18.379999,18.73,18.219999,18.68,16.320812,3019000,0.988999946
2018-01-08,18.799999,19.4,18.799999,19.23,16.801352,3668400,2.285092616
2018-01-09,19.309999,19.75,19.309999,19.549999,17.080936,3662600,2.712766102
2018-01-10,19.389999,19.92,19.33,19.68,17.194519,4012800,0.414293134
2018-01-11,19.92,20.309999,19.77,19.959999,17.439156,4213100,2.733373014
2018-01-12,18.5,18.540001,17.629999,17.76,15.517006,15445800,-7.128514056
2018-01-16,18,18.280001,17.040001,17.16,14.99278,7852500,-2.702702703
2018-01-17,17.24,17.709999,17.17,17.5,15.289841,4259700,-4.222222222
2018-01-18,17.469999,17.93,17.209999,17.860001,15.604374,4265700,1.334100928
2018-01-19,17.889999,18.18,17.75,18.129999,15.840274,3194000,2.404121489
2018-01-22,18.219999,18.27,17.469999,17.549999,15.333527,5234800,1.844606028
2018-01-23,17.52,17.57,17.17,17.4,15.202468,3628500,-3.841926665
2018-01-24,17.4,17.450001,16.73,16.98,14.835512,4073900,-0.684931507
2018-01-25,16.98,17.040001,16.610001,16.84,14.713196,2701800,-2.413793103
2018-01-26,16.860001,17.09,16.610001,17.059999,14.905409,3348800,-0.706707892
2018-01-29,17.049999,17.200001,16.799999,17.15,14.984043,3154700,1.12691571
2018-01-30,17.08,17.219999,16.860001,17.07,14.914147,1886000,0.175958955
2018-01-31,17.139999,17.27,16.700001,16.809999,14.686983,2749200,0.351282201
2018-02-01,16.700001,17.01,16.57,16.66,14.555928,2937100,-2.567082997
2018-02-02,16.559999,16.66,16.219999,16.23,14.180235,3253500,-0.838335279
2018-02-05,16.139999,16.219999,15.64,15.65,13.673485,4131100,-2.536232037
2018-02-06,15.36,16.379999,15.1,16.139999,14.1016,4962200,-4.832707858
2018-02-07,16.16,16.67,16.15,16.469999,14.389923,4413500,5.208333333
2018-02-08,16.450001,16.549999,15.76,15.83,13.830752,4286700,1.794560644
2018-02-09,15.98,16.33,15.67,16.17,14.127812,5640900,-2.857148762
2018-02-12,16.290001,16.33,15.62,15.8,13.804542,2431800,1.939931164
2018-02-13,15.76,15.86,15.49,15.58,13.612327,2463900,-3.253535712
2018-02-14,15.58,16.4,15.53,16.219999,14.171497,3215900,-1.14213198
2018-02-15,16.299999,16.5,16.24,16.41,14.337502,2263100,4.621302953
2018-02-16,16.52,16.969999,16.25,16.4,14.328765,2706100,1.349699469
2018-02-20,16.299999,16.32,15.78,15.86,13.856963,2489800,-1.331725182
2018-02-21,15.9,16.209999,15.66,15.69,13.708433,3031200,-2.453981746
2018-02-22,15.81,15.93,15.57,15.62,13.647275,2452200,-0.566037736
2018-02-23,15.79,15.99,15.67,15.97,13.953072,2580300,-0.126502214
2018-02-26,16,16.1,15.84,16.08,14.049179,2771200,1.329955668
2018-02-27,16.1,16.59,15.57,15.57,13.603589,4474000,0.625
2018-02-28,15.65,15.95,15.58,15.69,13.708433,4737000,-2.795031056
2018-03-01,15.79,16.23,15.76,15.97,13.953072,3132500,0.89456869
2018-03-02,15.56,15.99,15.38,15.93,14.257373,3553900,-1.456618113
2018-03-05,15.87,16.110001,15.68,16.049999,14.364772,4236100,1.992287918
2018-03-06,16.049999,16.17,15.8,16.059999,14.373721,2667600,1.1342092
2018-03-07,15.85,16.17,15.84,15.94,14.26632,2989400,-1.246099766
2018-03-08,15.95,16.049999,15.48,15.64,13.997822,2974400,0.630914826
2018-03-09,15.69,15.89,15.51,15.85,14.185772,3969900,-1.630094044
2018-03-12,15.85,16.01,15.5,15.55,13.917271,3878600,1.019757808
2018-03-13,15.63,16.01,15.58,15.61,13.970971,2891500,-1.388012618
2018-03-14,15.72,15.82,15.43,15.46,13.836721,2518100,0.575815739
2018-03-15,15.5,15.62,15.26,15.31,13.702471,1867000,-1.399491094
2018-03-16,15.34,15.66,15.32,15.42,13.80092,5084000,-1.032258065
2018-03-19,15.24,15.41,14.76,14.81,13.254972,3976100,-0.651890482
2018-03-20,14.82,14.95,14.35,14.47,12.950669,4284000,-2.755905512
2018-03-21,14.31,14.45,14.01,14.02,12.547919,4411200,-3.441295547
2018-03-22,13.94,14.09,13.59,13.83,12.377869,4442300,-2.585604472
2018-03-23,13.92,13.94,13.49,13.5,12.082519,3811400,-0.143472023
2018-03-26,13.7,14.09,13.59,14.04,12.565819,5015700,-1.58045977
2018-03-27,14.07,14.21,13.77,13.88,12.422619,4480900,2.700729927
2018-03-28,14,14.31,13.81,14.15,12.664268,7634000,-0.497512438
2018-03-29,12.65,13,12.2,12.62,11.294916,25461800,-9.642857143
2018-04-02,12.51,13.28,12.5,12.82,11.473918,11130000,-1.106719368
2018-04-03,12.64,13.13,12.6,13.01,11.643968,5747200,1.039168665
2018-04-04,12.82,13.48,12.71,13.34,11.939319,6383800,1.424050633
2018-04-05,13.35,13.63,13.27,13.56,12.136219,5140600,4.134165367
2018-04-06,13.42,13.66,13.24,13.43,12.019869,4238300,0.524344569
2018-04-09,13.51,13.76,13.43,13.48,12.064618,5703600,0.670640835
2018-04-10,13.68,13.86,13.51,13.68,12.243619,5788600,1.258327165
2018-04-11,13.62,13.98,13.6,13.84,12.386819,4284000,-0.438596491
2018-04-12,13.86,13.87,13.47,13.63,12.198868,3114400,1.762114537
2018-04-13,13.73,13.94,13.55,13.61,12.180967,3188700,-0.937950938
2018-04-16,13.73,13.9,13.6,13.81,12.359969,3227700,0
2018-04-17,13.89,14.18,13.84,13.94,12.476319,4288900,1.165331391
2018-04-18,13.99,14.03,13.6,13.66,12.225718,3573300,0.719942405
2018-04-19,13.66,13.78,13.45,13.52,12.100418,2507400,-2.358827734
2018-04-20,13.47,13.54,12.81,12.88,11.527617,6200800,-1.390922401
2018-04-23,12.9,13.35,12.9,13.2,11.814017,3692900,-4.231625835
2018-04-24,13.29,13.64,13.12,13.41,12.001967,3613600,3.023255814
2018-04-25,13.35,13.63,13.29,13.46,12.046718,3647100,0.451467269
2018-04-26,13.6,13.88,13.45,13.67,12.234669,3212000,1.872659176
2018-04-27,13.68,13.91,13.6,13.86,12.404718,2500600,0.588235294
2018-04-30,13.97,14,13.56,13.65,12.216769,3151900,2.119883041
2018-05-01,13.58,13.89,13.47,13.85,12.395769,2409700,-2.791696492
2018-05-02,13.86,13.87,13.35,13.45,12.037768,3181800,2.06185567
2018-05-03,13.42,13.49,12.8,12.83,11.482867,5091400,-3.174603175
2018-05-04,12.83,13.08,12.74,13,11.635017,4903100,-4.396423249
2018-05-07,13.02,13.03,12.78,12.89,11.536568,3118500,1.480904131
2018-05-08,12.84,12.94,12.55,12.79,11.447067,3839000,-1.382488479
2018-05-09,12.82,12.96,12.61,12.93,11.572368,3752900,-0.15576324
2018-05-10,12.96,13.2,12.88,13.03,11.661867,3118500,1.092043682
2018-05-11,12.6,12.84,12.47,12.71,11.375466,5507400,-2.777777778
2018-05-14,12.69,13.48,12.61,13.26,11.867719,5907400,0.714285714
2018-05-15,13.25,13.61,13.23,13.51,12.091469,3790200,4.412923562
2018-05-16,13.75,13.88,13.33,13.55,12.127269,6738500,3.773584906
2018-05-17,13.5,13.77,13.48,13.62,12.189919,2912000,-1.818181818
2018-05-18,13.53,13.53,12.26,12.46,11.151717,10236900,0.222222222
2018-05-21,12.52,12.89,12.49,12.78,11.438117,5065700,-7.464892831
2018-05-22,12.78,12.91,12.54,12.67,11.339667,4542400,2.076677316
2018-05-23,12.54,12.75,12.44,12.72,11.384418,3160100,-1.877934272
2018-05-24,12.58,12.78,12.45,12.74,11.402317,3077000,0.318979266
2018-05-25,12.76,12.8,12.58,12.67,11.339667,2444000,1.430842607
2018-05-29,12.58,13.11,12.55,13.05,11.679768,4240700,-1.410658307
2018-05-30,13.1,13.6,12.89,13.42,12.010919,4991300,4.13354531
2018-05-31,13.48,13.59,12.97,13.2,11.814017,6489200,2.900763359
2018-06-01,12.8,13.72,12.79,13.72,12.279419,25824000,-5.044510386
2018-06-04,13.79,14.25,13.44,14.24,12.744819,7296600,7.734375
2018-06-05,14.24,14.65,14,14.6,13.067019,5696500,3.263234228
2018-06-06,14.68,14.69,14.25,14.42,12.90592,5148600,3.08988764
2018-06-07,14.5,14.65,14.37,14.49,12.96857,3213500,-1.226158038
2018-06-08,14.53,14.62,14.41,14.53,13.004369,5031000,0.206896552
2018-06-11,14.15,14.33,14.06,14.29,13.133035,4717800,-2.615278734
2018-06-12,14.32,14.37,14.05,14.05,12.912466,3384100,1.201413428
2018-06-13,13.97,13.97,13.05,13.33,12.250759,8824100,-2.444134078
2018-06-14,13.3,13.32,12.7,12.85,11.809623,7532200,-4.79599141
2018-06-15,12.76,14.36,12.76,13.96,12.829753,13142700,-4.060150376
2018-06-18,13.95,15.78,13.37,15.2,13.969358,23788900,9.326018809
2018-06-19,15.35,15.76,15.1,15.75,14.474829,10140600,10.03584229
2018-06-20,15.78,15.81,15.32,15.71,14.438067,5164200,2.801302932
2018-06-21,15.81,15.98,15.49,15.53,14.27264,3563100,0.190114068
2018-06-22,15.55,15.69,15.11,15.52,14.26345,9577200,-1.644528779
2018-06-25,15.41,15.72,14.94,15.11,13.886644,2684700,-0.900321543
2018-06-26,15.19,15.2,14.69,14.97,13.757979,2697500,-1.427644387
2018-06-27,15,15.17,14.58,14.6,13.417936,2255700,-1.25082291
2018-06-28,14.59,14.89,14.49,14.88,13.675266,1905200,-2.733333333
2018-06-29,14.99,15.07,14.51,14.57,13.390366,3401100,2.741603838
2018-07-02,14.59,14.7,14.03,14.16,13.013559,3723300,-2.66844563
2018-07-03,14.17,14.31,14,14.05,12.912466,1289300,-2.87868403
2018-07-05,14.08,14.7,14.04,14.63,13.445507,4721800,-0.635144672
2018-07-06,14.67,15.23,14.64,15.15,13.923406,4051100,4.190340909
2018-07-09,15.57,15.63,15.17,15.47,14.217498,3919500,6.134969325
2018-07-10,15.53,15.54,14.81,14.86,13.656885,2916700,-0.256904303
2018-07-11,14.77,14.83,14.46,14.7,13.509839,2287700,-4.893754024
2018-07-12,14.75,15.12,14.74,15.09,13.868265,1925900,-0.135409614
2018-07-13,14.99,15.46,14.99,15.28,14.042882,2332200,1.627118644
2018-07-16,15.27,15.38,15.06,15.22,13.987739,1806500,1.867911941
2018-07-17,15.17,15.42,14.54,14.58,13.399556,3045100,-0.654878847
2018-07-18,14.6,14.65,14.32,14.58,13.399556,2049700,-3.757415953
2018-07-19,14.58,15.03,14.5,14.92,13.712028,1728400,-0.136986301
2018-07-20,14.91,15.21,14.88,15.08,13.859074,2147900,2.263374486
2018-07-23,15.05,15.09,14.78,14.89,13.684457,1833800,0.938967136
2018-07-24,14.98,14.98,14.66,14.78,13.583363,1542600,-0.465116279
2018-07-25,14.69,14.7,14.25,14.51,13.335223,3345000,-1.935914553
2018-07-26,14.51,15.04,14.5,14.81,13.610934,1689200,-1.225323349
2018-07-27,14.91,14.97,14.55,14.83,13.629315,1414500,2.756719504
2018-07-30,14.88,14.98,14.59,14.7,13.509839,1577800,-0.201207243
2018-07-31,14.72,14.73,14.41,14.41,13.243319,2757500,-1.075268817
2018-08-01,14.42,14.88,14.4,14.73,13.537411,2079700,-2.038043478
2018-08-02,14.61,14.78,14.41,14.62,13.436316,2529100,1.317614424
2018-08-03,14.69,14.9,14.6,14.85,13.647696,2557200,0.547570157
2018-08-06,14.88,14.98,14.74,14.86,13.656885,2075000,1.293396869
2018-08-07,14.92,15.22,14.82,15.12,13.895836,1953400,0.268817204
2018-08-08,15.12,15.32,15.01,15.25,14.015309,2178900,1.340482574
2018-08-09,15.25,15.46,14.98,15.21,13.978548,2342700,0.85978836
2018-08-10,15.18,15.6,15.1,15.32,14.079642,2416400,-0.459016393
2018-08-13,15.35,15.38,15.11,15.21,13.978548,2100900,1.119894598
2018-08-14,15.27,15.57,15.2,15.5,14.24507,1953400,-0.521172638
2018-08-15,15.46,15.5,15.19,15.42,14.171547,2097600,1.24426981
2018-08-16,15.54,15.56,15.22,15.22,13.987739,1719700,0.517464424
2018-08-17,15.17,15.35,14.99,15.33,14.088833,1633300,-2.380952381
2018-08-20,15.4,15.98,15.35,15.85,14.566732,3606900,1.516150297
2018-08-21,16,16.57,15.83,16.49,15.154916,5193200,3.896103896
2018-08-22,16.540001,17.27,16.51,16.98,15.605245,6605600,3.37500625
2018-08-23,16.98,17.209999,16.620001,16.76,15.403056,3583500,2.660211447
2018-08-24,16.76,16.84,16.200001,16.549999,15.210057,4525600,-1.295641932
2018-08-27,16.469999,16.5,14.55,14.71,13.51903,14694900,-1.730316229
2018-08-28,14.71,14.75,14,14.03,12.894085,6822000,-10.68609051
2018-08-29,14.14,14.3,13.75,14.12,12.976798,4099600,-3.874915024
2018-08-30,13.99,13.99,13.52,13.58,12.480519,3933400,-1.060820368
2018-08-31,13.61,13.63,13.18,13.27,12.195618,3724000,-2.716225876
2018-09-04,13.17,14.1,13.08,14.05,12.912466,5936000,-3.232916973
2018-09-05,13.97,16.530001,13.96,16.26,14.943538,17471600,6.074411541
2018-09-06,16.15,16.25,15.08,16.139999,14.833252,6777200,15.60486757
2018-09-07,15.25,16.379999,14.76,16.129999,14.824061,6795600,-5.572755418
2018-09-10,16.16,16.35,15.87,16,14.704588,2727700,5.967213115
2018-09-11,16,16.6,16,16.16,14.851634,2791000,-0.99009901
2018-09-12,16.17,16.76,16.17,16.66,15.311152,3395800,1.0625
2018-09-13,16.709999,17.040001,16.610001,17.040001,15.660386,3689500,3.339511441
2018-09-14,16.969999,17,16.469999,16.790001,15.430628,3005400,1.555954611
2018-09-17,16.709999,16.860001,16.5,16.610001,15.61869,2232000,-1.532115588
2018-09-18,16.42,16.68,16.35,16.5,15.515255,1786800,-1.735481851
2018-09-19,16.5,16.799999,16.450001,16.6,15.609288,1798200,0.487210719
2018-09-20,16.6,16.809999,16.450001,16.49,15.505853,1604100,0.606060606
2018-09-21,16.450001,16.75,16.43,16.52,15.534062,3040900,-0.903608434
2018-09-24,16.42,16.42,15.49,15.52,14.593744,3577700,-0.182376889
2018-09-25,15.64,16.09,15.3,16.02,15.063903,2062500,-4.750304507
2018-09-26,16.139999,16.139999,15.54,15.59,14.659566,1901300,3.196924552
2018-09-27,15.68,15.75,15.43,15.55,14.621953,2024200,-2.850055939
2018-09-28,15.54,15.85,15.19,15.27,14.358665,2525800,-0.892857143
2018-10-01,15.28,15.54,14.98,15.28,14.368067,4059800,-1.673101673
2018-10-02,15.17,15.31,14.84,14.87,13.982536,2878200,-0.719895288
2018-10-03,15,15.17,14.75,14.92,14.029552,2013600,-1.120632828
2018-10-04,14.97,15.12,14.72,14.82,13.93552,1521600,-0.2
2018-10-05,14.83,14.93,14.58,14.68,13.803877,2323700,-0.935203741
2018-10-08,14.71,15.19,14.66,14.98,14.085972,2260100,-0.8091706
2018-10-09,14.93,15.45,14.7,14.76,13.879102,2405700,1.495581237
2018-10-10,14.81,15.17,14.81,14.83,13.944924,1962600,-0.803750837
2018-10-11,14.79,15.1,14.65,14.66,13.785069,2096000,-0.135043889
2018-10-12,14.9,15.15,14.7,14.8,13.916715,1927600,0.743745774
2018-10-15,14.81,15.07,14.78,14.88,13.99194,1500100,-0.604026846
2018-10-16,14.97,15.3,14.78,15.29,14.37747,2040200,1.080351114
2018-10-17,15.29,15.48,14.78,15.32,14.405679,1997900,2.13760855
2018-10-18,15.3,15.42,14.9,15.06,14.161197,1478600,0.065402224
2018-10-19,14.87,15,14.47,14.73,13.850891,3106000,-2.810457516
2018-10-22,14.82,15.22,14.69,15.12,14.217616,2305500,-0.336247478
2018-10-23,14.99,15.31,14.79,15.27,14.358665,2395100,1.147098516
2018-10-24,15.3,15.6,15.07,15.07,14.1706,2241300,2.068045364
2018-10-25,15.12,15.2,14.28,14.44,13.578198,2274100,-1.176470588
2018-10-26,14.43,14.43,13.64,13.71,12.891767,2511100,-4.563492063
2018-10-29,13.84,14.96,13.77,14.53,13.662828,3168900,-4.088704089
2018-10-30,14.57,15.11,14.4,14.67,13.794473,2094100,5.274566474
2018-10-31,14.81,14.82,14.26,14.6,13.728651,1738900,1.647220316
2018-11-01,14.61,15.35,14.6,15.35,14.43389,2754300,-1.350438893
2018-11-02,15.42,15.76,15.19,15.61,14.678372,1665600,5.544147844
2018-11-05,15.55,15.56,14.89,14.99,14.095374,1803600,0.84306096
2018-11-06,14.95,15.05,14.83,14.95,14.057761,1896000,-3.8585209
2018-11-07,15,15.05,14.65,14.9,14.010746,2044300,0.334448161
2018-11-08,14.9,15.02,14.78,14.86,13.973133,2139300,-0.666666667
2018-11-09,14.72,14.8,14.32,14.64,13.766264,1671500,-1.208053691
2018-11-12,14.66,14.78,13.86,13.88,13.051621,2400200,-0.407608696
2018-11-13,13.9,14.18,13.78,13.88,13.051621,2308200,-5.184174625
2018-11-14,14.09,14.11,12.88,12.96,12.186527,3436100,1.366906475
2018-11-15,12.96,13.25,12.77,13.13,12.346382,3029900,-8.01987225
2018-11-16,12.99,12.99,12.45,12.79,12.026674,5716700,0.231481481
2018-11-19,12.84,13.16,12.77,13.03,12.252351,3450900,-1.154734411
2018-11-20,12.6,12.91,12.14,12.28,11.547112,6034900,-1.869158879
2018-11-21,12.47,14.5,12.31,13.71,12.891767,12480800,-1.031746032
2018-11-23,13.7,13.76,13.16,13.5,12.694301,2691800,9.863672815
2018-11-26,13.99,14.78,13.99,14.58,13.709845,5903400,2.116788321
2018-11-27,14.39,14.97,14.2,14.72,13.841489,4384700,2.859185132
2018-11-28,14.72,15.07,14.72,15.01,14.114182,2643700,2.293259208
2018-11-29,15.05,15.22,14.54,14.63,13.75686,4209600,2.241847826
2018-11-30,12.99,13.96,12.8,13.66,12.84475,11906800,-13.68770764
2018-12-03,13.82,13.98,13.53,13.87,13.042218,4021200,6.389530408
2018-12-04,13.99,14.11,13.44,13.5,12.694301,3733900,1.230101302
2018-12-06,13.5,13.77,13.24,13.56,12.750719,3197200,-3.502501787
2018-12-07,13.55,14.04,13.5,13.68,12.863558,3402600,0.37037037
2018-12-10,13.38,13.44,12.83,13.23,12.795855,2793700,-1.254612546
2018-12-11,13.35,13.4,12.85,12.95,12.525043,2338200,-0.224215247
2018-12-12,13.06,13.53,12.98,13.23,12.795855,1817800,-2.172284644
2018-12-13,13.24,13.36,12.67,12.79,12.370294,2436600,1.378254211
2018-12-14,12.69,13,12.69,12.76,12.341278,1663700,-4.15407855
2018-12-17,12.66,13.1,12.55,12.65,12.234887,2255700,-0.236406619
2018-12-18,12.65,13.03,12.61,12.73,12.312262,2594900,-0.078988942
2018-12-19,12.76,12.98,12.52,12.58,12.167185,2425900,0.869565217
2018-12-20,12.6,12.94,12.21,12.43,12.022107,2671200,-1.253918495
2018-12-21,12.39,12.68,11.77,11.96,11.56753,4423000,-1.666666667
2018-12-24,11.97,12.02,11.64,11.67,11.287046,1328500,-3.389830508
2018-12-26,11.72,12.4,11.56,12.4,11.993091,2404200,-2.08855472
2018-12-27,12.24,12.25,11.63,12.18,11.780311,1834600,4.436860068
2018-12-28,12.21,12.49,12.01,12.28,11.877028,2026300,-0.245098039
2018-12-31,12.33,12.67,12.31,12.62,12.205872,2790300,0.982800983
2019-01-02,12.45,13.18,12.42,13.07,12.641105,2124200,0.97323601
2019-01-03,12.98,13.26,12.69,12.97,12.544387,1750400,4.257028112
2019-01-04,14.03,15.29,13.7,15.24,14.739896,11915700,8.089368259
2019-01-07,15.11,15.81,14.94,15.48,14.97202,4718000,7.697790449
2019-01-08,15.5,15.89,15.15,15.81,15.291192,3443800,2.581072138
2019-01-09,15.84,16.389999,15.72,15.98,15.455612,3554500,2.193548387
2019-01-10,15.74,16,15.52,15.96,15.436269,2904800,-0.631313131
2019-01-11,15.86,16.049999,15.77,15.85,15.329879,2419800,0.762388818
2019-01-14,15.84,16.139999,15.57,15.64,15.12677,3610900,-0.126103405
2019-01-15,15.6,15.64,15.19,15.53,15.020379,2228200,-1.515151515
2019-01-16,15.57,15.89,15.38,15.68,15.165458,1992600,-0.192307692
2019-01-17,15.49,15.83,15.3,15.77,15.252504,1743000,-0.513808606
2019-01-18,16.02,16.9,15.88,15.93,15.407254,8547200,3.421562298
2019-01-22,15.81,15.9,15.16,15.27,14.768912,3188700,-1.310861423
2019-01-23,15.31,15.57,15.13,15.48,14.97202,1837000,-3.162555345
2019-01-24,15.48,15.8,15.44,15.8,15.28152,1282000,1.110385369
2019-01-25,15.96,16.059999,15.73,15.9,15.378238,1915100,3.100775194
2019-01-28,15.74,15.79,14.99,15.5,14.991364,2984900,-1.378446115
2019-01-29,12.39,12.5,11.11,11.28,10.909844,32870300,-21.28335451
2019-01-30,11.25,11.37,11.11,11.2,10.832469,6151000,-9.200968523
2019-01-31,11.17,11.53,11.1,11.34,10.967875,6049600,-0.711111111
2019-02-01,11.31,11.43,11.18,11.24,10.871157,3477400,1.253357207
2019-02-04,11.24,11.48,11,11.37,10.996891,4271500,-0.618921309
2019-02-05,11.36,11.81,11.35,11.79,11.403109,4271100,1.067615658
2019-02-06,11.62,11.7,11.4,11.51,11.132298,3479600,2.288732394
2019-02-07,11.4,11.59,11.23,11.47,11.09361,2021100,-1.893287435
2019-02-08,11.39,11.49,11.31,11.35,10.977548,1801200,-0.087719298
2019-02-11,11.38,11.39,11.16,11.3,10.929188,1918600,-0.087796313
2019-02-12,11.3,11.59,11.3,11.55,11.170984,2678000,-0.702987698
2019-02-13,11.56,11.75,11.38,11.47,11.09361,2132800,2.300884956
2019-02-14,11.37,11.42,11.24,11.33,10.958203,2468500,-1.643598616
2019-02-15,11.33,11.44,11.28,11.43,11.054922,2211800,-0.35180299
2019-02-19,11.46,11.47,11.13,11.2,10.832469,3305600,1.147396293
2019-02-20,11.23,11.3,11.15,11.2,10.832469,2960500,-2.006980803
2019-02-21,11.23,11.29,11.01,11.03,10.668048,2489200,0
2019-02-22,11.02,11.38,11.02,11.37,10.996891,3249500,-1.869991095
2019-02-25,11.38,11.8,11.38,11.55,11.170984,3594500,3.266787659
2019-02-26,11.54,11.71,11.5,11.64,11.258031,2158000,1.405975395
2019-02-27,11.66,11.93,11.62,11.67,11.287046,3397300,1.039861352
2019-02-28,11.69,11.86,11.59,11.7,11.316062,2820200,0.25728988
2019-03-01,11.88,12.01,11.75,11.75,11.364421,1901200,1.625320787
2019-03-04,11.79,11.85,11.47,11.57,11.190328,2228600,-0.757575758
2019-03-05,12.08,12.1,11.36,11.6,11.219344,5537900,2.45971162
2019-03-06,11.66,11.87,11.56,11.56,11.180656,3312900,-3.476821192
2019-03-07,11.56,11.66,11.44,11.59,11.209672,1811400,-0.857632933
2019-03-08,11.07,11.22,10.75,10.97,10.610018,6171600,-4.238754325
2019-03-11,10.98,11.28,10.89,11.26,10.890501,2703600,-0.81300813
2019-03-12,11.28,11.55,11.23,11.47,11.09361,2164900,2.732240437
2019-03-13,11.54,11.64,11.47,11.58,11.2,2191600,2.304964539
2019-03-14,11.31,11.34,10.9,10.95,10.95,2839600,-1.993067591
2019-03-15,10.99,11.12,10.9,11.06,11.06,3537400,-2.829354553
2019-03-18,11.09,11.17,10.98,11.07,11.07,2451200,0.909918107
2019-03-19,11.07,11.24,10.9,10.96,10.96,3089900,-0.180342651
2019-03-20,10.96,10.96,10.4,10.5,10.5,4103900,-0.993676603
2019-03-21,10.47,10.73,10.35,10.55,10.55,3205300,-4.47080292
2019-03-22,10.65,10.66,10.44,10.45,10.45,3289000,1.719197708
2019-03-25,10.46,10.49,10.07,10.14,10.14,4486200,-1.784037559
2019-03-26,10.11,10.44,10.09,10.35,10.35,3535100,-3.346080306
2019-03-27,10.37,10.54,10.25,10.29,10.29,2606200,2.571711177
2019-03-28,10.36,10.49,10.07,10.19,10.19,3122300,-0.096432015
2019-03-29,10.21,10.36,10.15,10.16,10.16,2919000,-1.447876448
2019-04-01,10.29,10.42,10.04,10.37,10.37,4415700,0.783545544
2019-04-02,10.37,10.41,10.09,10.1,10.1,8670200,0.777453839
2019-04-03,8.86,10.03,8.82,9.63,9.63,26597900,-14.56123433
2019-04-04,9.74,10.06,9.65,10.03,10.03,7917800,9.93227991
2019-04-05,9.96,10.01,9.79,9.86,9.86,5743600,2.258726899
2019-04-08,9.79,10.08,9.73,9.94,9.94,4551000,-1.706827309
2019-04-09,9.85,10,9.81,9.82,9.82,2978500,0.612870276
2019-04-10,9.88,10.01,9.88,9.97,9.97,2807200,0.304568528
2019-04-11,9.98,9.98,9.74,9.76,9.76,2545200,1.012145749
2019-04-12,9.79,9.83,9.29,9.32,9.32,4778500,-1.903807615
2019-04-15,9.27,9.35,8.81,8.94,8.94,5527400,-5.31154239
2019-04-16,9,9.15,8.95,9.08,9.08,4720000,-2.912621359
2019-04-17,9.11,9.12,8.75,8.94,8.94,3921100,1.222222222
2019-04-18,8.86,9.03,8.74,8.77,8.77,3814200,-2.744237102
2019-04-22,8.75,8.82,8.53,8.65,8.65,6278700,-1.241534989
2019-04-23,8.64,8.97,8.64,8.89,8.89,4452300,-1.257142857
2019-04-24,8.9,9.06,8.89,9.01,9.01,4106100,3.009259259
2019-04-25,8.99,9,8.72,8.95,8.95,2627000,1.011235955
2019-04-26,8.93,9.03,8.88,8.89,8.89,2306800,-0.667408231
2019-04-29,8.89,8.9,8.71,8.76,8.76,2548100,-0.447928331
2019-04-30,8.8,8.85,8.65,8.65,8.65,3207700,-1.012373453
2019-05-01,8.66,8.79,8.47,8.51,8.51,3538900,-1.590909091
2019-05-02,8.51,8.83,8.51,8.77,8.77,3116900,-1.732101617
2019-05-03,8.81,8.99,8.77,8.97,8.97,2179600,3.525264395
2019-05-06,8.85,8.92,8.66,8.85,8.85,2406200,0.454029512
2019-05-07,8.77,8.92,8.69,8.77,8.77,2591600,-0.903954802
2019-05-08,8.75,8.85,8.65,8.69,8.69,2062400,-0.228050171
2019-05-09,8.6,8.65,8.48,8.52,8.52,2339500,-1.714285714
2019-05-10,8.52,8.58,8.36,8.48,8.48,2301500,-0.930232558
2019-05-13,8.33,8.37,8.17,8.26,8.26,3043200,-2.230046948
2019-05-14,8.32,8.55,8.24,8.53,8.53,2612900,-0.120048019
2019-05-15,8.44,8.71,8.44,8.69,8.69,2253500,1.442307692
2019-05-16,8.74,8.84,8.64,8.67,8.67,1751000,3.55450237
2019-05-17,8.54,8.78,8.54,8.61,8.61,1967300,-2.288329519
2019-05-20,8.46,8.52,7.98,8.06,8.06,5043600,-0.93676815
2019-05-21,8.07,8.14,7.89,8.13,8.13,5697100,-4.609929078
2019-05-22,8.07,8.08,7.76,7.9,7.9,4516100,0
2019-05-23,7.84,7.86,7.67,7.7,7.7,3919500,-2.850061958
2019-05-24,7.71,7.86,7.71,7.82,7.82,2542100,-1.658163265
2019-05-28,7.85,7.99,7.74,7.74,7.74,2732800,1.815823606
2019-05-29,7.73,7.75,7.39,7.57,7.57,4127700,-1.52866242
2019-05-30,7.57,7.7,7.53,7.6,7.6,2695200,-2.069857697
2019-05-31,7.47,7.66,7.32,7.58,7.58,3983100,-1.321003963
2019-06-03,7.58,7.65,7.42,7.47,7.47,5229100,1.472556894
2019-06-04,7.58,7.85,7.52,7.82,7.82,10430100,0
2019-06-05,5.49,5.59,4.71,5.04,5.04,39354200,-27.57255937
2019-06-06,4.98,5.13,4.84,5.13,5.13,13558000,-9.289617486
2019-06-07,5.13,5.23,4.99,5.02,5.02,10591300,3.012048193
2019-06-10,5.37,5.55,5.29,5.44,5.44,18926500,4.678362573
2019-06-11,5.53,5.85,5.49,5.72,5.72,13423800,2.979515829
2019-06-12,5.68,5.8,5.5,5.5,5.5,4914300,2.712477396
2019-06-13,5.55,5.73,5.49,5.7,5.7,5840800,-2.288732394
2019-06-14,5.7,5.83,5.61,5.63,5.63,5304600,2.702702703
2019-06-17,5.63,5.81,5.6,5.7,5.7,3686500,-1.228070175
2019-06-18,5.71,5.83,5.67,5.73,5.73,4070400,1.420959147
2019-06-19,5.75,5.75,5.61,5.63,5.63,2973300,0.700525394
2019-06-20,5.66,5.69,5.52,5.53,5.53,3933800,-1.565217391
2019-06-21,5.52,5.52,5.31,5.42,5.42,8954300,-2.473498233
2019-06-24,5.41,5.47,5.28,5.37,5.37,4823300,-1.992753623
2019-06-25,5.34,5.53,5.32,5.45,5.45,3085400,-1.293900185
2019-06-26,5.47,5.52,5.38,5.47,5.47,3551800,2.434456929
2019-06-27,5.46,5.59,5.43,5.54,5.54,3756000,-0.182815356
2019-06-28,5.53,5.58,5.44,5.47,5.47,3896400,1.282051282
2019-07-01,5.53,5.57,5.34,5.36,5.36,4310800,0
2019-07-02,5.35,5.45,5.32,5.38,5.38,5643500,-3.254972875
2019-07-03,5.41,5.43,5.27,5.31,5.31,2562100,1.121495327
2019-07-05,5.3,5.64,5.27,5.52,5.52,12894600,-2.033271719
2019-07-08,5.5,5.53,5.42,5.45,5.45,6592700,3.773584906
2019-07-09,5.48,5.55,5.28,5.31,5.31,11721900,-0.363636364
2019-07-10,5.35,5.37,5.17,5.18,5.18,10853300,-2.372262774
2019-07-11,4.98,5.01,4.73,4.84,4.84,16778200,-6.91588785
2019-07-12,4.86,4.93,4.81,4.91,4.91,4392200,-2.409638554
2019-07-15,4.87,4.89,4.75,4.75,4.75,3068400,0.205761317
2019-07-16,4.76,4.81,4.63,4.63,4.63,5970000,-2.258726899
2019-07-17,4.63,4.64,4.33,4.38,4.38,7643100,-2.731092437
2019-07-18,4.39,4.42,4.12,4.2,4.2,8585700,-5.183585313
2019-07-19,4.22,4.42,4.22,4.32,4.32,10946500,-3.872437358
2019-07-22,4.33,4.4,4.12,4.14,4.14,5488700,2.606635071
2019-07-23,4.15,4.2,3.98,4.09,4.09,7703500,-4.15704388
2019-07-24,4.08,4.2,4.05,4.08,4.08,6020600,-1.686746988
2019-07-25,4.1,4.32,3.97,3.98,3.98,5790000,0.490196078
2019-07-26,4,4.08,3.96,4.01,4.01,3209000,-2.43902439
2019-07-29,4.02,4.16,4.02,4.12,4.12,4327100,0.5
2019-07-30,4.1,4.13,3.9,4.03,4.03,5271400,1.990049751
2019-07-31,4.03,4.18,4,4.02,4.02,5208900,-1.707317073
2019-08-01,4.02,4.06,3.78,3.84,3.84,5596500,-0.248138958
2019-08-02,3.83,3.89,3.75,3.78,3.78,3594700,-4.726368159
2019-08-05,3.72,3.75,3.58,3.71,3.71,5681800,-2.872062663
2019-08-06,3.73,3.82,3.63,3.81,3.81,5157400,0.268817204
2019-08-07,3.74,3.85,3.66,3.81,3.81,5856100,0.268096515
2019-08-08,3.84,3.91,3.77,3.89,3.89,2306700,2.673796791
2019-08-09,3.83,3.86,3.59,3.59,3.59,3079400,-0.260416667
2019-08-12,3.58,3.62,3.44,3.51,3.51,2677600,-6.527415144
2019-08-13,3.48,3.76,3.47,3.47,3.47,4504500,-2.793296089
2019-08-14,3.39,3.42,3.19,3.32,3.32,6081900,-2.586206897
2019-08-15,3.32,3.41,3.15,3.21,3.21,5888400,-2.064896755
2019-08-16,3.25,3.36,3.21,3.32,3.32,3130700,-2.108433735
2019-08-19,3.37,3.47,3.34,3.38,3.38,2887500,3.692307692
2019-08-20,3.35,3.46,3.28,3.42,3.42,4260000,-0.59347181
2019-08-21,3.5,3.62,3.44,3.54,3.54,5910900,4.47761194
2019-08-22,3.97,4.25,3.72,3.87,3.87,29177300,13.42857143
2019-08-23,3.84,3.9,3.56,3.65,3.65,8660900,-3.274559194
2019-08-26,3.72,4.04,3.65,3.82,3.82,10319400,-3.125
2019-08-27,3.87,3.93,3.68,3.7,3.7,5701000,4.032258065
2019-08-28,3.7,3.97,3.67,3.88,3.88,6439200,-4.392764858
2019-08-29,3.93,4.29,3.75,4.23,4.23,13363500,6.216216216
2019-08-30,4.26,4.36,3.92,3.97,3.97,10634600,8.396946565
2019-09-03,3.97,4.07,3.66,3.81,3.81,9044400,-6.807511737
2019-09-04,3.88,4,3.85,3.98,3.98,4227100,-2.267002519
2019-09-05,4.08,4.24,4.07,4.23,4.23,6892000,5.154639175
2019-09-06,4.24,4.36,4.14,4.31,4.31,6701500,3.921568627
2019-09-09,4.35,4.92,4.35,4.76,4.76,14578800,2.594339623
2019-09-10,4.87,5.1,4.51,5.09,5.09,16659200,11.95402299
2019-09-11,4.19,4.95,3.97,4.59,4.59,34005000,-13.96303901
2019-09-12,4.6,4.81,4.43,4.58,4.58,8908700,9.785202864
2019-09-13,4.62,4.77,4.37,4.41,4.41,7662200,0.434782609
2019-09-16,4.3,4.47,4.27,4.35,4.35,6761300,-6.926406926
2019-09-17,4.3,4.34,4.13,4.33,4.33,6406000,0
2019-09-18,4.33,4.69,4.33,4.6,4.6,9796200,0.697674419
2019-09-19,4.64,4.67,4.42,4.44,4.44,7860300,7.159353349
2019-09-20,4.59,4.8,4.5,4.7,4.7,11603800,-1.077586207
2019-09-23,4.68,5.2,4.61,5.02,5.02,12474000,1.960784314
2019-09-24,5.14,5.5,4.98,5.01,5.01,13097900,9.829059829
2019-09-25,5.09,5.55,5.08,5.2,5.2,12164300,-0.972762646
2019-09-26,5.19,5.34,5.08,5.28,5.28,6080900,1.964636542
2019-09-27,5.25,5.45,5.22,5.34,5.34,5548500,1.156069364
2019-09-30,5.43,5.64,5.4,5.52,5.52,8919800,3.428571429
2019-10-01,5.64,5.82,5.49,5.58,5.58,6592400,3.867403315
2019-10-02,5.55,5.55,5.24,5.32,5.32,8154900,-1.595744681
2019-10-03,5.3,5.48,5.23,5.42,5.42,4346700,-4.504504505
2019-10-04,5.43,5.56,5.37,5.55,5.55,4213100,2.452830189
2019-10-07,5.48,5.58,5.41,5.49,5.49,4154800,0.920810313
2019-10-08,5.43,5.44,5.16,5.23,5.23,4823100,-0.912408759
2019-10-09,5.25,5.3,4.96,4.99,4.99,5809600,-3.314917127
2019-10-10,5.02,5.15,4.96,5.05,5.05,5228000,-4.380952381
2019-10-11,5.14,5.49,5.14,5.37,5.37,5909200,2.390438247
2019-10-14,5.32,5.59,5.22,5.58,5.58,5273900,3.501945525
2019-10-15,5.6,5.91,5.59,5.61,5.61,6350900,5.263157895
2019-10-16,5.58,5.91,5.58,5.88,5.88,3868700,-0.357142857
2019-10-17,5.89,6.05,5.8,6.03,6.03,3606600,5.555555556
2019-10-18,6.03,6.05,5.77,5.94,5.94,3197100,2.376910017
2019-10-21,5.98,6.16,5.82,5.93,5.93,3611600,-0.829187396
2019-10-22,5.93,6.44,5.93,6.39,6.39,4174500,-0.836120401
2019-10-23,6.33,6.62,6.23,6.43,6.43,4071400,6.745362563
2019-10-24,6.5,6.55,6.03,6.42,6.42,4268200,2.685624013
2019-10-25,6.32,6.43,6.25,6.35,6.35,2645400,-2.769230769
2019-10-28,6.38,6.49,6.17,6.19,6.19,2854700,0.949367089
2019-10-29,6.21,6.25,5.79,5.81,5.81,3918800,-2.664576803
2019-10-30,5.76,5.83,5.52,5.73,5.73,3739500,-7.246376812
2019-10-31,5.63,5.69,5.31,5.44,5.44,4358600,-2.256944444
2019-11-01,5.45,6,5.43,5.84,5.84,5210400,-3.197158082
2019-11-04,5.9,6.02,5.77,5.85,5.85,3670000,8.256880734
2019-11-05,5.88,6.2,5.86,5.91,5.91,3374100,-0.338983051
2019-11-06,5.9,6.19,5.82,6.09,6.09,4128300,0.340136054
2019-11-07,6.18,6.32,6.04,6.22,6.22,3129300,4.745762712
2019-11-08,6.17,6.28,6.05,6.09,6.09,1968700,-0.161812298
2019-11-11,6.05,6.09,5.77,6.02,6.02,3109400,-1.944894652
2019-11-12,6.03,6.07,5.87,5.92,5.92,1834500,-0.330578512
2019-11-13,5.91,5.97,5.81,5.94,5.94,1533600,-1.990049751
2019-11-14,5.95,6.11,5.9,5.98,5.98,1708700,0.676818951
2019-11-15,6,6.01,5.85,5.88,5.88,2165900,0.840336134
2019-11-18,5.85,5.85,5.61,5.62,5.62,2995900,-2.5
2019-11-19,5.57,5.66,5.45,5.5,5.5,3360500,-4.786324786
2019-11-20,5.54,5.54,5.36,5.46,5.46,2666700,-0.538599641
2019-11-21,5.46,5.58,5.35,5.5,5.5,2784000,-1.444043321
2019-11-22,5.59,5.85,5.5,5.66,5.66,3493100,2.380952381
2019-11-25,5.67,6.06,5.63,6.03,6.03,2744900,1.431127013
2019-11-26,6.03,6.26,6.01,6.1,6.1,2648700,6.349206349
2019-11-27,6.1,6.39,6.02,6.35,6.35,3030000,1.160862355
2019-11-29,6.33,6.39,6.24,6.34,6.34,1369000,3.770491803
2019-12-02,6.35,6.46,6.09,6.17,6.17,2060600,0.315955766
2019-12-03,6.04,6.18,5.93,6.12,6.12,2214900,-4.881889764
2019-12-04,6.17,6.49,6.12,6.43,6.43,2872400,2.152317881
2019-12-05,6.32,6.52,6.24,6.4,6.4,4381400,2.431118314
2019-12-06,6.39,6.68,6.39,6.68,6.68,4757300,1.107594937
2019-12-09,6.65,6.92,6.19,6.33,6.33,6250600,4.06885759
2019-12-10,6.29,6.54,6.12,6.51,6.51,9594900,-5.413533835
2019-12-11,5.25,5.81,5.18,5.53,5.53,19517800,-16.53418124
2019-12-12,5.46,5.71,5.41,5.58,5.58,6387300,4
2019-12-13,5.47,5.62,5.24,5.45,5.45,5439000,0.183150183
2019-12-16,5.39,5.59,5.39,5.5,5.5,4406900,-1.462522852
2019-12-17,5.5,6.08,5.49,6.06,6.06,4141400,2.040816327
2019-12-18,6.06,6.27,5.93,6.16,6.16,5264100,10.18181818
2019-12-19,6.21,6.24,6.03,6.06,6.06,4452000,2.475247525
2019-12-20,6.06,6.22,5.96,5.99,5.99,5484600,-2.415458937
2019-12-23,6.05,6.07,5.54,5.61,5.61,6282700,-0.165016502
2019-12-24,5.65,5.67,5.44,5.44,5.44,3395500,-6.611570248
2019-12-26,5.47,5.51,5.25,5.4,5.4,4264400,-3.185840708
2019-12-27,5.42,5.98,5.39,5.9,5.9,11041300,-0.914076782
2019-12-30,5.88,6.25,5.76,6.13,6.13,4482100,8.487084871
2019-12-31,6.08,6.39,5.99,6.08,6.08,4322600,3.401360544
2020-01-02,6.14,6.47,6.07,6.31,6.31,4453600,0.986842105
2020-01-03,6.21,6.25,5.84,5.88,5.88,3543900,1.140065147
2020-01-06,5.8,5.91,5.6,5.85,5.85,3394800,-6.602254428
2020-01-07,5.77,5.83,5.44,5.52,5.52,5228000,-0.517241379
2020-01-08,5.49,5.85,5.41,5.72,5.72,5629400,-4.852686308
2020-01-09,5.82,5.82,5.48,5.55,5.55,2643000,6.010928962
2020-01-10,5.56,5.6,5.38,5.43,5.43,2781400,-4.467353952
2020-01-13,5.43,5.61,5.33,5.43,5.43,3625200,-2.338129496
2020-01-14,4.78,5,4.53,4.71,4.71,12561900,-11.97053407
2020-01-15,4.66,4.73,4.55,4.61,4.61,4981100,-2.510460251
2020-01-16,4.61,4.71,4.52,4.62,4.62,4287100,-1.072961373
2020-01-17,4.58,4.75,4.51,4.75,4.75,4019500,-0.650759219
2020-01-21,4.75,4.75,4.55,4.59,4.59,3532100,3.711790393
2020-01-22,4.55,4.64,4.46,4.56,4.56,2627500,-4.210526316
2020-01-23,4.55,4.64,4.46,4.62,4.62,1880200,0
2020-01-24,4.64,4.64,4.25,4.32,4.32,4163600,1.978021978
2020-01-27,4.2,4.35,4.16,4.28,4.28,2122500,-9.482758621
2020-01-28,4.3,4.3,4.18,4.21,4.21,2144900,2.380952381
2020-01-29,4.22,4.32,4.13,4.13,4.13,1552600,-1.860465116
2020-01-30,4.1,4.12,3.88,3.93,3.93,3006500,-2.843601896
2020-01-31,3.91,3.94,3.83,3.84,3.84,2891700,-4.634146341
2020-02-03,3.88,3.98,3.85,3.95,3.95,2026200,-0.767263427
2020-02-04,4.03,4.25,3.97,4.07,4.07,3563100,3.865979381
2020-02-05,4.15,4.41,4.14,4.18,4.18,2641700,2.977667494
2020-02-06,4.2,4.3,4.14,4.14,4.14,1510300,1.204819277
2020-02-07,4.11,4.13,3.77,3.81,3.81,2742300,-2.142857143
2020-02-10,3.85,4.1,3.74,3.94,3.94,2777000,-6.326034063
2020-02-11,3.98,4.24,3.95,4.02,4.02,3415000,3.376623377
2020-02-12,4.13,4.51,4.07,4.19,4.19,4820600,3.768844221
2020-02-13,4.12,4.26,4.07,4.11,4.11,2081700,-0.242130751
2020-02-14,4.11,4.19,4.02,4.02,4.02,1582700,-0.242718447
2020-02-18,4.01,4.08,3.96,4.06,4.06,1467600,-2.433090024
2020-02-19,4.06,4.27,3.92,4.15,4.15,2593100,1.246882793
2020-02-20,4.16,4.3,4.11,4.14,4.14,1562300,2.463054187
2020-02-21,4.12,4.18,3.99,4.04,4.04,1695700,-0.961538462
2020-02-24,3.9,3.93,3.7,3.7,3.7,3566300,-5.339805825
2020-02-25,3.77,3.79,3.55,3.56,3.56,4447900,-3.333333333
2020-02-26,3.58,3.62,3.36,3.39,3.39,4724800,-5.039787798
2020-02-27,3.23,3.63,3.18,3.47,3.47,3879500,-9.776536313
2020-02-28,3.34,3.72,3.34,3.6,3.6,4692200,3.405572755
2020-03-02,3.6,3.85,3.39,3.83,3.83,3208400,7.784431138
2020-03-03,3.88,3.89,3.5,3.63,3.63,4282500,7.777777778
2020-03-04,3.71,3.83,3.46,3.77,3.77,4257600,-4.381443299
2020-03-05,3.7,3.99,3.59,3.96,3.96,3599400,-0.269541779
2020-03-06,3.84,4.07,3.76,3.92,3.92,2096800,3.783783784
2020-03-09,3.59,3.97,3.5,3.7,3.7,2732000,-6.510416667
2020-03-10,3.94,4.26,3.8,4.23,4.23,4863200,9.749303621
2020-03-11,4.14,4.25,4,4.14,4.14,4414100,5.076142132
2020-03-12,3.7,4.04,3.48,3.98,3.98,5123400,-10.62801932
2020-03-13,4.13,4.65,3.85,4.59,4.59,5787200,11.62162162
2020-03-16,3.93,4.57,3.9,4.37,4.37,4866700,-4.842615012
2020-03-17,4.4,4.65,4.11,4.23,4.23,3562200,11.95928753
2020-03-18,4.1,4.25,3.5,3.77,3.77,3651700,-6.818181818
2020-03-19,3.71,4.2,3.55,4.19,4.19,5039500,-9.512195122
2020-03-20,4.08,4.08,3.65,3.76,3.76,7722200,9.973045822
2020-03-23,3.58,3.86,3.5,3.81,3.81,6009800,-12.25490196
2020-03-24,3.95,4.21,3.89,4.16,4.16,6805600,10.33519553
2020-03-25,4.15,4.49,4.04,4.17,4.17,3592100,5.063291139
2020-03-26,4.24,4.71,4.24,4.41,4.41,6185700,2.168674699
2020-03-27,4.94,5.09,4.15,4.22,4.22,7024800,16.50943396
2020-03-30,4.22,4.27,3.65,3.65,3.65,3350600,-14.57489879
2020-03-31,3.63,3.8,3.5,3.5,3.5,2300900,-13.98104265
2020-04-01,3.45,3.49,3.12,3.25,3.25,4568700,-4.958677686
2020-04-02,3.26,3.35,2.85,2.85,2.85,4064300,-5.507246377
2020-04-03,2.85,2.94,2.57,2.8,2.8,3830400,-12.57668712
2020-04-06,2.86,3.2,2.83,3.09,3.09,3340500,0.350877193
2020-04-07,3.39,3.44,3.1,3.27,3.27,2836900,18.53146853
2020-04-08,3.23,3.67,3.2,3.41,3.41,2884500,-4.719764012
2020-04-09,3.6,4.25,3.49,3.89,3.89,5908600,11.45510836
2020-04-13,4.25,4.76,4.16,4.74,4.74,6844500,18.05555556
2020-04-14,5.21,6.47,5.14,5.95,5.95,13506600,22.58823529
2020-04-15,5.66,5.67,4.9,5.27,5.27,7499900,8.637236084
2020-04-16,5.12,5.44,4.88,5.03,5.03,3371900,-9.540636042
2020-04-17,5.22,5.28,4.43,4.88,4.88,5653200,1.953125
2020-04-20,4.85,5.9,4.78,5.61,5.61,6085000,-7.088122605
2020-04-21,5.23,5.3,4.76,4.78,4.78,4142100,7.835051546
2020-04-22,5.14,5.17,4.83,4.89,4.89,2677800,-1.7208413
2020-04-23,4.75,4.89,4.58,4.7,4.7,2265900,-7.587548638
2020-04-24,4.78,4.85,4.66,4.77,4.77,2236200,0.631578947
2020-04-27,4.85,5.99,4.81,5.82,5.82,7275100,1.464435146
2020-04-28,5.92,6.04,5.06,5.64,5.64,5200200,22.06185567
2020-04-29,5.83,6.09,5.45,6.04,6.04,3369600,-1.52027027
2020-04-30,5.87,5.98,5.64,5.73,5.73,2173300,0.686106346
2020-05-01,5.65,6.18,5.45,6.05,6.05,4005600,-3.747870528
2020-05-04,5.84,5.93,5.4,5.48,5.48,4068100,3.362831858
2020-05-05,5.55,5.63,5.35,5.39,5.39,2105900,-4.965753425
2020-05-06,5.4,5.4,4.9,4.93,4.93,3369600,-2.702702703
2020-05-07,4.83,4.93,4.65,4.87,4.87,2500800,-10.55555556
2020-05-08,4.88,5.19,4.82,4.98,4.98,2353700,1.035196687
2020-05-11,4.92,4.96,4.75,4.76,4.76,1699200,0.819672131
2020-05-12,4.78,4.92,4.46,4.54,4.54,2639200,-2.845528455
2020-05-13,4.54,4.54,4.07,4.21,4.21,2882900,-5.020920502
2020-05-14,4.15,4.19,3.96,4.13,4.13,2004900,-8.59030837
2020-05-15,4.05,4.45,4.04,4.22,4.22,1940600,-2.409638554
2020-05-18,4.4,4.63,4.36,4.58,4.58,2371700,8.641975309
2020-05-19,4.58,4.75,4.37,4.44,4.44,1840700,4.090909091
2020-05-20,4.5,4.69,4.34,4.43,4.43,2543600,-1.746724891
2020-05-21,4.45,4.65,4.4,4.44,4.44,1971900,-1.111111111
2020-05-22,4.46,4.49,4.13,4.18,4.18,2379900,0.224719101
2020-05-26,4.34,4.61,4.33,4.42,4.42,3545700,-2.69058296
2020-05-27,4.57,4.71,4.36,4.69,4.69,3146600,5.299539171
2020-05-28,4.75,4.76,4.3,4.33,4.33,2183900,3.938730853
2020-05-29,4.33,4.42,4.05,4.06,4.06,3973500,-8.842105263
2020-06-01,4.12,4.36,4.02,4.13,4.13,2611600,-4.849884527
2020-06-02,4.27,4.31,4.06,4.18,4.18,2369400,3.640776699
2020-06-03,4.24,4.52,4.2,4.44,4.44,3037400,-0.702576112
2020-06-04,4.44,4.72,4.37,4.47,4.47,3514300,4.716981132
2020-06-05,4.29,4.41,4.09,4.14,4.14,6274400,-3.378378378
2020-06-08,4.28,5.14,4.27,5.01,5.01,10133700,-0.233100233
2020-06-09,5,5,4.55,4.96,4.96,8073400,16.82242991
2020-06-10,4.78,5.53,4.68,5.07,5.07,10606400,-4.4
2020-06-11,4.64,4.9,4.18,4.37,4.37,6236000,-2.928870293
2020-06-12,4.6,4.78,4.39,4.72,4.72,4378200,-0.862068966
2020-06-15,4.5,4.77,4.42,4.69,4.69,3909000,-2.173913043
2020-06-16,4.95,4.95,4.51,4.64,4.64,3121300,10
2020-06-17,4.54,4.83,4.53,4.76,4.76,3593500,-8.282828283
2020-06-18,4.67,4.95,4.65,4.95,4.95,3423800,2.863436123
2020-06-19,4.95,5.08,4.69,4.88,4.88,7366600,5.995717345
2020-06-22,4.79,4.95,4.72,4.87,4.87,3178900,-3.232323232
2020-06-23,4.95,4.99,4.8,4.83,4.83,3205400,3.340292276
2020-06-24,4.83,4.84,4.38,4.41,4.41,2976200,-2.424242424
2020-06-25,4.33,4.54,4.3,4.46,4.46,2450800,-10.35196687
2020-06-26,4.48,4.5,4.27,4.35,4.35,3801200,3.464203233
2020-06-29,4.35,4.52,4.3,4.38,4.38,2131200,-2.901785714
2020-06-30,4.33,4.51,4.2,4.34,4.34,3889000,-0.459770115
2020-07-01,4.31,4.5,4.31,4.44,4.44,2303700,-0.461893764
2020-07-02,4.49,4.51,4.29,4.29,4.29,1887600,4.176334107
2020-07-06,4.31,4.34,4.19,4.24,4.24,2140900,-4.008908686
2020-07-07,4.2,4.25,4.06,4.09,4.09,2456600,-2.552204176
2020-07-08,4.1,4.29,4.03,4.26,4.26,2052800,-2.380952381
2020-07-09,4.27,4.32,4.13,4.21,4.21,1992600,4.146341463
2020-07-10,4.2,4.38,4.18,4.34,4.34,1410800,-1.639344262
2020-07-13,4.35,4.55,4.26,4.26,4.26,4216200,3.571428571
2020-07-14,4.22,4.31,4.07,4.08,4.08,2261600,-2.988505747
2020-07-15,4.13,4.29,4.13,4.19,4.19,1474100,-2.132701422
2020-07-16,4.19,4.2,4.09,4.17,4.17,1330100,1.452784504
2020-07-17,4.16,4.23,3.94,3.96,3.96,3065900,-0.715990453
2020-07-20,3.95,4.06,3.77,3.85,3.85,3401100,-5.048076923
2020-07-21,3.9,4.09,3.88,4.01,4.01,3341000,-1.265822785
2020-07-22,4.02,4.12,3.92,4.11,4.11,2523500,3.076923077
2020-07-23,4.09,4.31,4.06,4.11,4.11,3237200,1.741293532
2020-07-24,4.06,4.23,4.01,4.03,4.03,2215900,-0.733496333
2020-07-27,4.02,4.12,3.95,4.01,4.01,2472700,-0.985221675
2020-07-28,3.96,4.05,3.92,3.94,3.94,4555400,-1.492537313
2020-07-29,3.94,4.18,3.92,4.06,4.06,2879600,-0.505050505
2020-07-30,4,4.23,3.97,4.1,4.1,2398500,1.52284264
2020-07-31,4.06,4.16,3.99,4.01,4.01,1879400,1.5
2020-08-03,4.03,4.25,4,4.15,4.15,2517600,-0.738916256
2020-08-04,4.13,4.74,4.13,4.43,4.43,10361400,2.481389578
2020-08-05,4.5,4.76,4.25,4.63,4.63,4925700,8.958837772
2020-08-06,4.6,4.66,4.38,4.43,4.43,1901200,2.222222222
2020-08-07,4.39,4.4,4.06,4.16,4.16,3341100,-4.565217391
2020-08-10,4.2,4.57,4.18,4.33,4.33,4561800,-4.328018223
2020-08-11,4.43,4.57,4.34,4.35,4.35,3138800,5.476190476
2020-08-12,4.4,4.63,4.36,4.52,4.52,3057600,-0.677200903
2020-08-13,4.52,4.71,4.5,4.64,4.64,2128300,2.727272727
2020-08-14,4.6,4.83,4.55,4.75,4.75,3474400,1.769911504
2020-08-17,4.78,4.78,4.56,4.63,4.63,2371000,3.913043478
2020-08-18,4.61,4.87,4.43,4.81,4.81,3834400,-3.556485356
2020-08-19,4.8,4.84,4.64,4.72,4.72,2612600,4.121475054
2020-08-20,4.62,4.68,4.51,4.61,4.61,2441200,-3.75
2020-08-21,4.6,5.6,4.6,5.03,5.03,10642600,-0.432900433
2020-08-24,5.1,5.13,4.56,4.87,4.87,4585400,10.86956522
2020-08-25,4.88,5.25,4.88,4.98,4.98,2998700,-4.31372549
2020-08-26,4.97,5.22,4.92,5.11,5.11,2779700,1.844262295
2020-08-27,5.11,5.38,5.02,5.25,5.25,3384400,2.816901408
2020-08-28,5.3,5.57,5.22,5.39,5.39,4236900,3.718199609
2020-08-31,5.77,7.15,5.69,6.68,6.68,37976000,8.867924528
2020-09-01,7.3,7.82,6.77,7.65,7.65,23211000,26.51646447
2020-09-02,7.8,8.05,7.11,7.71,7.71,13011100,6.849315068
2020-09-03,7.88,8.45,7.24,7.82,7.82,14344500,1.025641026
2020-09-04,7.78,7.92,7.17,7.65,7.65,7662000,-1.269035533
2020-09-08,7.55,8.28,7.48,7.7,7.7,9816600,-2.956298201
2020-09-09,7.96,7.99,7.31,7.35,7.35,9068100,5.430463576
2020-09-10,6.65,6.95,6.19,6.23,6.23,15558300,-16.45728643
2020-09-11,6.26,6.33,5.87,6.09,6.09,6061200,-5.864661654
2020-09-14,6.8,7,6.43,6.91,6.91,10119000,8.626198083
2020-09-15,6.86,7.26,6.69,7.09,7.09,5743500,0.882352941
2020-09-16,7.03,9.04,7.03,8.68,8.68,19256300,2.478134111
2020-09-17,8.57,9.77,8.41,9.2,9.2,17026700,21.90611664
2020-09-18,9.2,9.77,8.91,9.47,9.47,17407500,7.351225204
2020-09-21,9.35,9.6,8.38,8.75,8.75,7639800,1.630434783
2020-09-22,10.45,11.17,9.9,10.56,10.56,34752500,11.76470588
2020-09-23,10.6,10.86,9.92,10.04,10.04,10651200,1.435406699
2020-09-24,9.71,9.81,9.01,9.14,9.14,7938800,-8.396226415
2020-09-25,9.19,10.18,9.1,10.02,10.02,7515200,-5.355303811
2020-09-28,10.16,10.26,9.55,10.09,10.09,6764300,10.55495103
2020-09-29,10,10.65,9.93,10.35,10.35,5237600,-1.57480315
2020-09-30,10.25,10.76,10.06,10.2,10.2,6079000,2.5
2020-10-01,10.09,10.25,9.69,9.77,9.77,4554100,-1.56097561
2020-10-02,9.38,9.78,9.3,9.39,9.39,4340500,-7.03666997
2020-10-05,9.44,9.59,9.25,9.46,9.46,2805000,0.639658849
2020-10-06,9.56,9.84,9.1,9.13,9.13,4535400,1.271186441
2020-10-07,9.23,9.56,9.17,9.36,9.36,3308600,-3.451882845
2020-10-08,9.54,13.64,9.19,13.49,13.49,76453600,3.358613218
2020-10-09,12.83,14.8,11.9,12.02,12.02,77152800,34.48637317
2020-10-12,11.66,12.77,11.4,11.8,11.8,23655700,-9.119251754
2020-10-13,11.73,12.42,11.65,11.88,11.88,10179700,0.600343053
2020-10-14,12.67,12.68,12.05,12.25,12.25,10776800,8.013640239
2020-10-15,11.99,15.1,11.99,13.83,13.83,39894800,-5.367008682
2020-10-16,13.77,13.9,13.08,13.31,13.31,11651600,14.84570475
2020-10-19,13.44,14.5,13.38,13.91,13.91,13169100,-2.396514161
2020-10-20,14.03,14.14,13.67,13.86,13.86,6604000,4.389880952
2020-10-21,13.9,14.42,13.8,14.1,14.1,5361900,-0.926585887
2020-10-22,14.2,15.87,14.19,14.91,14.91,16212200,2.158273381
2020-10-23,15.05,15.38,14.55,15,15,6507300,5.985915493
2020-10-26,14.93,15.45,13.26,13.45,13.45,13376300,-0.797342193
2020-10-27,13.71,13.71,12.36,12.69,12.69,7231000,-8.171466845
2020-10-28,12.27,13.05,11.78,11.82,11.82,6388600,-10.50328228
2020-10-29,11.88,12.25,11.68,11.73,11.73,4165800,-3.178484108
2020-10-30,11.64,11.64,10.36,10.47,10.47,11546900,-2.02020202
2020-11-02,10.82,11.09,10.5,10.75,10.75,5227000,-7.04467354
2020-11-03,10.75,11.86,10.63,11.57,11.57,7454500,-0.646950092
2020-11-04,11.76,11.77,10.61,10.91,10.91,5807900,9.395348837
2020-11-05,11.27,11.84,11.06,11.45,11.45,4705200,-4.166666667
2020-11-06,11.52,12.17,11.32,11.86,11.86,5518200,2.218278616
2020-11-09,12.76,12.93,11.25,11.49,11.49,6244900,10.76388889
2020-11-10,11.5,11.66,10.83,11.1,11.1,3826000,-9.87460815
2020-11-11,11.5,11.95,11.21,11.75,11.75,4882600,0
2020-11-12,11.74,11.87,10.97,11.13,11.13,4353300,2.086956522
2020-11-13,11.36,11.55,11,11.01,11.01,3535900,-3.236797274
2020-11-16,11.16,12.66,10.72,12.06,12.06,9774800,-1.76056338
2020-11-17,11.65,11.92,11.23,11.63,11.63,6678200,4.390681004
2020-11-18,11.8,12.04,11.56,11.57,11.57,3169200,1.287553648
2020-11-19,11.6,12.79,11.45,12.46,12.46,11787600,-1.694915254
2020-11-20,12.55,13.46,12.54,12.71,12.71,8395400,8.189655172
2020-11-23,12.9,14.12,12.67,13.9,13.9,9599100,2.788844622
2020-11-24,14.23,14.26,13.3,13.67,13.67,7183200,10.31007752
2020-11-25,13.6,15.25,13.42,14.75,14.75,8860100,-4.427266339
2020-11-27,15.29,16.74,14.88,16.08,16.08,12504200,12.42647059
2020-11-30,18.17,19.42,16.559999,16.559999,16.559999,31983500,18.83584042
2020-12-01,17.110001,17.4,15.76,15.8,15.8,12666000,-5.833786461
2020-12-02,15.7,16.68,15.38,16.58,16.58,7883400,-8.24080022
2020-12-03,16.48,16.639999,15.87,16.120001,16.120001,6295000,4.968152866
2020-12-04,16.299999,17.290001,16.26,16.9,16.9,8972700,-1.092239078
2020-12-07,17,17.5,16.219999,16.35,16.35,7386300,4.294484926
2020-12-08,16.370001,17.209999,15.93,16.940001,16.940001,16120200,-3.705876471
2020-12-09,13.92,14.73,13.23,13.66,13.66,24357900,-14.96640715
2020-12-10,13.12,14.41,13.05,14.12,14.12,7558900,-5.747126437
2020-12-11,13.91,14,13.02,13.31,13.31,7496900,6.021341463
2020-12-14,13.34,13.43,12.14,12.72,12.72,10007100,-4.097771387
2020-12-15,12.78,14.02,12.48,13.85,13.85,8192900,-4.197901049
2020-12-16,13.96,14.31,13.58,13.85,13.85,5865100,9.233176839
2020-12-17,13.96,14.98,13.59,14.83,14.83,8194900,0
2020-12-18,15.78,16.299999,15.18,15.63,15.63,16618800,13.03724928
2020-12-21,15.81,16.35,15.28,15.53,15.53,9876100,0.190114068
2020-12-22,16.219999,20.040001,16.15,19.459999,19.459999,30652700,2.593289058
2020-12-23,20.17,22.35,19.129999,20.57,20.57,25830300,24.35265871
2020-12-24,21.01,21.48,19.950001,20.15,20.15,6262200,4.164600892
2020-12-28,21.309999,21.969999,20.35,20.99,20.99,8965900,1.427886721
2020-12-29,20.82,21.07,18.559999,19.379999,19.379999,9241400,-2.299385373
2020-12-30,19.379999,20,18.85,19.26,19.26,5934400,-6.916431316
2020-12-31,19.25,19.799999,18.799999,18.84,18.84,6922700,-0.670789508
2021-01-04,19,19.1,17.15,17.25,17.25,10022500,-1.298701299
2021-01-05,17.35,18.08,17.23,17.370001,17.370001,4961500,-8.684210526
2021-01-06,17.34,18.98,17.33,18.360001,18.360001,6056200,-0.057636888
2021-01-07,18.469999,19.450001,18.02,18.08,18.08,6129300,6.51671857
2021-01-08,18.18,18.299999,17.08,17.690001,17.690001,6482000,-1.570108369
2021-01-11,19.41,20.65,19.01,19.940001,19.940001,14927600,6.765676568
2021-01-12,19.959999,20.4,19.32,19.950001,19.950001,7060700,2.833585781
2021-01-13,20.42,38.650002,20.030001,31.4,31.4,144501700,2.304614344
2021-01-14,38.09,43.060001,33.049999,39.91,39.91,93717400,86.53281097
2021-01-15,38.490002,40.75,34.009998,35.5,35.5,46866400,1.050149646
2021-01-19,41.549999,45.52,36.639999,39.360001,39.360001,74721900,7.950108706
2021-01-20,37.369999,41.189999,36.060001,39.119999,39.119999,33471800,-10.06016871
2021-01-21,39.23,44.75,37,43.029999,43.029999,57079800,4.977257291
2021-01-22,42.59,76.760002,42.32,65.010002,65.010002,197157900,8.564873821
2021-01-25,96.730003,159.179993,61.130001,76.790001,76.790001,177874000,127.1190491
2021-01-26,88.559998,150,80.199997,147.979996,147.979996,178588000,-8.446195334
2021-01-27,354.829987,380,249,347.51001,347.51001,93396700,300.6662094
2021-01-28,265,483,112.25,193.600006,193.600006,58815800,-25.31634594
2021-01-29,379.709991,413.980011,250,325,325,50259200,43.28678906
2021-02-01,316.559998,322,212,225,225,37382200,-16.63111177
2021-02-02,140.759995,158,74.220001,90,90,78183100,-55.53449713
2021-02-03,112.010002,113.400002,85.25,92.410004,92.410004,42698500,-20.42483235
2021-02-04,91.190002,91.5,53.330002,53.5,53.5,62427300,-18.58762577
2021-02-05,54.040001,95,51.09,63.77,63.77,80886300,-40.73911633
2021-02-08,72.410004,72.660004,58.02,60,60,25687300,33.99334319
2021-02-09,56.610001,57,46.52,50.310001,50.310001,26843100,-21.82019352
2021-02-10,50.77,62.830002,46.549999,51.200001,51.200001,36455000,-10.31620014
2021-02-11,50.009998,55.32,48.220001,51.099998,51.099998,12997400,-1.496950955
2021-02-12,50.75,55.240002,48.049999,52.400002,52.400002,14498000,1.479708118
2021-02-16,52.66,53.5,49.040001,49.509998,49.509998,8140700,3.763546798
2021-02-17,49.77,51.189999,44.560001,45.939999,45.939999,9186800,-5.48803646
2021-02-18,48.490002,48.869999,40.650002,40.689999,40.689999,23916900,-2.571826401
2021-02-19,41.279999,43.889999,38.5,40.59,40.59,14678700,-14.86905074
2021-02-22,46.689999,48.509998,42.400002,46,46,19338400,13.10562047
2021-02-23,44.970001,46.23,40,44.970001,44.970001,7516000,-3.683868145
